year,quarter,quarter_end,property_type,core,n_firms,vw_unlev,ew_unlev,vw_lev,ew_lev
2014,1,2014-03-31,Casino,0,1,,,,
2014,2,2014-06-30,Casino,0,1,,,,
2014,3,2014-09-30,Casino,0,1,,,,
2014,4,2014-12-31,Casino,0,1,,,,
2015,1,2015-03-31,Casino,0,1,,,,
2015,2,2015-06-30,Casino,0,1,,,,
2015,3,2015-09-30,Casino,0,1,,,,
2015,4,2015-12-31,Casino,0,1,,,,
2016,1,2016-03-31,Casino,0,1,,,,
2016,2,2016-06-30,Casino,0,1,,,,
2016,3,2016-09-30,Casino,0,2,,,,
2016,4,2016-12-31,Casino,0,2,,,,
2017,1,2017-03-31,Casino,0,2,,,,
2017,2,2017-06-30,Casino,0,2,,,,
2017,3,2017-09-30,Casino,0,2,,,,
2017,4,2017-12-31,Casino,0,2,,,,
2018,1,2018-03-31,Casino,0,3,-4.752430,-4.113643,-9.195242,-8.951206
2018,2,2018-06-30,Casino,0,3,7.401450,7.119057,12.011047,13.117111
2018,3,2018-09-30,Casino,0,3,2.286312,1.824960,2.597256,1.565057
2018,4,2018-12-31,Casino,0,3,-4.919600,-4.143180,-9.195604,-9.082420
2019,1,2019-03-31,Casino,0,3,11.735102,10.767962,20.234657,21.190750
2019,2,2019-06-30,Casino,0,3,1.633765,1.175191,1.561160,0.454931
2019,3,2019-09-30,Casino,0,3,1.871977,1.489797,1.837769,1.176638
2019,4,2019-12-31,Casino,0,3,8.862140,7.282159,13.012897,11.094548
2020,1,2020-03-31,Casino,0,3,-20.320578,-17.729283,-32.353554,-30.110331
2020,2,2020-06-30,Casino,0,3,12.319044,11.551641,23.614906,22.616351
2020,3,2020-09-30,Casino,0,3,7.759188,6.443132,12.217335,10.144174
2020,4,2020-12-31,Casino,0,3,8.146532,8.213607,12.966803,13.527938
2021,1,2021-03-31,Casino,0,3,5.186527,4.461506,7.435077,6.514468
2021,2,2021-06-30,Casino,0,3,7.654539,7.676968,11.384332,11.859710
2021,3,2021-09-30,Casino,0,3,-1.113652,0.280568,-2.187976,0.012167
2021,4,2021-12-31,Casino,0,3,5.574265,5.424232,7.375020,7.487699
2022,1,2022-03-31,Casino,0,3,-2.144580,-1.907458,-3.494008,-3.430589
2022,2,2022-06-30,Casino,0,2,,,,
2022,3,2022-09-30,Casino,0,2,,,,
2022,4,2022-12-31,Casino,0,2,,,,
2023,1,2023-03-31,Casino,0,2,,,,
2023,2,2023-06-30,Casino,0,2,,,,
2023,3,2023-09-30,Casino,0,2,,,,
2023,4,2023-12-31,Casino,0,2,,,,
2024,1,2024-03-31,Casino,0,2,,,,
2024,2,2024-06-30,Casino,0,2,,,,
2024,3,2024-09-30,Casino,0,2,,,,
2024,4,2024-12-31,Casino,0,2,,,,
2025,1,2025-03-31,Casino,0,2,,,,
2025,2,2025-06-30,Casino,0,2,,,,
2025,3,2025-09-30,Casino,0,2,,,,
2025,4,2025-12-31,Casino,0,2,,,,
2005,1,2005-03-31,Data Center,0,1,,,,
2005,2,2005-06-30,Data Center,0,1,,,,
2005,3,2005-09-30,Data Center,0,1,,,,
2005,4,2005-12-31,Data Center,0,1,,,,
2006,1,2006-03-31,Data Center,0,1,,,,
2006,2,2006-06-30,Data Center,0,1,,,,
2006,3,2006-09-30,Data Center,0,1,,,,
2006,4,2006-12-31,Data Center,0,1,,,,
2007,1,2007-03-31,Data Center,0,1,,,,
2007,2,2007-06-30,Data Center,0,1,,,,
2007,3,2007-09-30,Data Center,0,1,,,,
2007,4,2007-12-31,Data Center,0,1,,,,
2008,1,2008-03-31,Data Center,0,2,,,,
2008,2,2008-06-30,Data Center,0,2,,,,
2008,3,2008-09-30,Data Center,0,2,,,,
2008,4,2008-12-31,Data Center,0,2,,,,
2009,1,2009-03-31,Data Center,0,2,,,,
2009,2,2009-06-30,Data Center,0,2,,,,
2009,3,2009-09-30,Data Center,0,2,,,,
2009,4,2009-12-31,Data Center,0,2,,,,
2010,1,2010-03-31,Data Center,0,2,,,,
2010,2,2010-06-30,Data Center,0,2,,,,
2010,3,2010-09-30,Data Center,0,2,,,,
2010,4,2010-12-31,Data Center,0,2,,,,
2011,1,2011-03-31,Data Center,0,3,9.042358,10.073365,14.382687,15.283601
2011,2,2011-06-30,Data Center,0,3,4.498364,3.813079,6.672554,5.403991
2011,3,2011-09-30,Data Center,0,3,-7.245081,-9.073585,-12.093730,-14.407755
2011,4,2011-12-31,Data Center,0,3,14.524282,15.730948,22.662584,23.983218
2012,1,2012-03-31,Data Center,0,3,7.964784,11.712369,11.057535,15.465646
2012,2,2012-06-30,Data Center,0,3,3.805053,7.178962,5.197524,10.048921
2012,3,2012-09-30,Data Center,0,3,-3.692198,-1.930109,-6.317205,-4.033770
2012,4,2012-12-31,Data Center,0,3,-0.596013,0.418027,-1.633726,-0.337341
2013,1,2013-03-31,Data Center,0,3,1.503214,7.498984,1.331248,9.192670
2013,2,2013-06-30,Data Center,0,5,-6.647994,-4.401841,-10.471452,-7.719270
2013,3,2013-09-30,Data Center,0,5,-1.970149,0.498216,-4.227190,-0.910764
2013,4,2013-12-31,Data Center,0,5,-1.882562,0.143376,-3.730047,0.562234
2014,1,2014-03-31,Data Center,0,6,3.386566,1.105163,4.897307,0.891237
2014,2,2014-06-30,Data Center,0,6,8.408807,8.284935,12.928592,13.753603
2014,3,2014-09-30,Data Center,0,6,2.615994,1.998293,3.629255,2.647836
2014,4,2014-12-31,Data Center,0,6,7.904890,9.895747,11.318277,15.413650
2015,1,2015-03-31,Data Center,0,6,2.814545,5.939914,3.561246,8.700698
2015,2,2015-06-30,Data Center,0,6,3.672517,-0.070189,4.387011,-0.937282
2015,3,2015-09-30,Data Center,0,6,4.577543,5.791791,5.493114,7.311119
2015,4,2015-12-31,Data Center,0,6,11.231796,9.798813,15.742806,14.743723
2016,1,2016-03-31,Data Center,0,6,10.331572,12.681121,14.795667,18.398957
2016,2,2016-06-30,Data Center,0,6,14.946797,15.766432,20.538343,21.624700
2016,3,2016-09-30,Data Center,0,6,-6.470053,-7.967061,-8.976105,-10.779106
2016,4,2016-12-31,Data Center,0,6,0.793869,1.259474,0.762757,1.448227
2017,1,2017-03-31,Data Center,0,6,8.927639,8.310563,11.447492,10.901035
2017,2,2017-06-30,Data Center,0,6,6.989145,9.033849,9.072938,12.042542
2017,3,2017-09-30,Data Center,0,5,4.093809,4.217323,5.048733,5.254619
2017,4,2017-12-31,Data Center,0,5,0.621872,1.392071,0.384562,1.518478
2018,1,2018-03-31,Data Center,0,5,-6.145908,-9.936693,-8.664924,-14.100984
2018,2,2018-06-30,Data Center,0,5,4.561884,6.695713,6.084131,9.387720
2018,3,2018-09-30,Data Center,0,5,1.888553,3.236740,2.284347,4.509979
2018,4,2018-12-31,Data Center,0,5,-9.575442,-9.841692,-13.368682,-14.221613
2019,1,2019-03-31,Data Center,0,5,14.198404,11.846455,20.122009,17.733254
2019,2,2019-06-30,Data Center,0,5,5.722548,5.175115,7.396431,7.014652
2019,3,2019-09-30,Data Center,0,5,11.221202,11.727258,15.115027,16.635710
2019,4,2019-12-31,Data Center,0,5,-1.798587,-3.213226,-2.885732,-4.485943
2020,1,2020-03-31,Data Center,0,5,6.681514,4.616077,8.973658,6.424695
2020,2,2020-06-30,Data Center,0,5,7.490521,7.424066,9.532914,10.291652
2020,3,2020-09-30,Data Center,0,5,4.528297,1.455432,5.568081,1.579116
2020,4,2020-12-31,Data Center,0,5,-2.965944,0.158899,-3.825314,0.152031
2021,1,2021-03-31,Data Center,0,5,-1.788119,-1.610710,-2.342687,-2.316471
2021,2,2021-06-30,Data Center,0,5,10.999951,10.366425,14.057779,14.262741
2021,3,2021-09-30,Data Center,0,4,-0.662527,1.572580,-0.958218,2.085520
2021,4,2021-12-31,Data Center,0,3,10.245799,11.681776,13.503261,15.768114
2022,1,2022-03-31,Data Center,0,2,,,,
2022,2,2022-06-30,Data Center,0,2,,,,
2022,3,2022-09-30,Data Center,0,2,,,,
2022,4,2022-12-31,Data Center,0,2,,,,
2023,1,2023-03-31,Data Center,0,2,,,,
2023,2,2023-06-30,Data Center,0,2,,,,
2023,3,2023-09-30,Data Center,0,2,,,,
2023,4,2023-12-31,Data Center,0,2,,,,
2024,1,2024-03-31,Data Center,0,2,,,,
2024,2,2024-06-30,Data Center,0,2,,,,
2024,3,2024-09-30,Data Center,0,2,,,,
2024,4,2024-12-31,Data Center,0,2,,,,
2025,1,2025-03-31,Data Center,0,2,,,,
2025,2,2025-06-30,Data Center,0,2,,,,
2025,3,2025-09-30,Data Center,0,2,,,,
2025,4,2025-12-31,Data Center,0,2,,,,
1993,1,1993-03-31,Diversified,0,18,8.974725,12.574841,13.310816,20.211079
1993,2,1993-06-30,Diversified,0,18,-3.982628,-0.617309,-7.339558,-3.224287
1993,3,1993-09-30,Diversified,0,18,4.901567,4.572405,7.785264,6.993780
1993,4,1993-12-31,Diversified,0,18,-1.157352,2.901145,-3.277219,7.384732
1994,1,1994-03-31,Diversified,0,18,-0.106159,2.604449,-0.575755,3.758852
1994,2,1994-06-30,Diversified,0,19,1.909095,3.510517,0.312899,5.192674
1994,3,1994-09-30,Diversified,0,18,3.637888,4.543872,4.907135,6.113623
1994,4,1994-12-31,Diversified,0,17,0.416305,0.435878,-1.544383,-0.561924
1995,1,1995-03-31,Diversified,0,18,4.021341,4.227559,4.802570,3.358913
1995,2,1995-06-30,Diversified,0,19,1.184663,2.029822,1.227636,3.071912
1995,3,1995-09-30,Diversified,0,18,4.191390,4.939833,5.129098,6.293598
1995,4,1995-12-31,Diversified,0,16,6.252376,0.690541,7.482610,0.129048
1996,1,1996-03-31,Diversified,0,13,1.218764,4.607144,0.858253,5.470415
1996,2,1996-06-30,Diversified,0,14,5.246043,9.841979,6.165594,10.028102
1996,3,1996-09-30,Diversified,0,13,4.450464,10.017960,4.923941,10.644561
1996,4,1996-12-31,Diversified,0,13,9.178186,8.261680,17.238694,13.056523
1997,1,1997-03-31,Diversified,0,13,2.344465,7.646240,2.182641,8.558638
1997,2,1997-06-30,Diversified,0,13,3.020035,3.966341,3.773447,4.780590
1997,3,1997-09-30,Diversified,0,14,11.383631,10.146450,15.142940,14.137201
1997,4,1997-12-31,Diversified,0,12,9.499785,6.471930,11.386884,7.184532
1998,1,1998-03-31,Diversified,0,12,-5.331130,-1.419433,-8.566887,-2.577530
1998,2,1998-06-30,Diversified,0,13,83.305246,8.400407,85.378756,7.780939
1998,3,1998-09-30,Diversified,0,12,0.316231,-2.261194,-0.773789,-8.898673
1998,4,1998-12-31,Diversified,0,12,8.141270,1.340330,8.862388,1.926198
1999,1,1999-03-31,Diversified,0,12,-16.788445,-1.245791,-17.976749,-5.055956
1999,2,1999-06-30,Diversified,0,13,25.232482,7.876420,27.477081,12.300186
1999,3,1999-09-30,Diversified,0,13,-47.497724,-5.721915,-50.193790,-11.142669
1999,4,1999-12-31,Diversified,0,12,16.593355,6.805600,30.425923,17.762895
2000,1,2000-03-31,Diversified,0,12,8.351817,2.102467,10.287058,2.256135
2000,2,2000-06-30,Diversified,0,13,13.445817,4.578969,17.145018,7.957359
2000,3,2000-09-30,Diversified,0,12,0.162229,-0.859720,-0.667423,-2.031425
2000,4,2000-12-31,Diversified,0,11,-15.253829,-2.854564,-25.824741,-7.043112
2001,1,2001-03-31,Diversified,0,10,3.434234,3.618119,9.138412,8.611509
2001,2,2001-06-30,Diversified,0,11,18.588509,5.803102,22.667917,9.722480
2001,3,2001-09-30,Diversified,0,14,-7.855813,2.847415,-11.366112,-3.247713
2001,4,2001-12-31,Diversified,0,13,5.409854,-0.507000,13.529720,-0.319292
2002,1,2002-03-31,Diversified,0,13,4.364759,15.527054,4.333874,12.230876
2002,2,2002-06-30,Diversified,0,14,0.855378,3.047157,0.460148,-0.500751
2002,3,2002-09-30,Diversified,0,13,0.110913,2.382763,-0.915920,1.431927
2002,4,2002-12-31,Diversified,0,11,2.228975,2.058007,3.341544,0.073015
2003,1,2003-03-31,Diversified,0,11,4.283967,8.247947,6.937767,11.073071
2003,2,2003-06-30,Diversified,0,14,20.754118,1.454734,26.323470,5.216486
2003,3,2003-09-30,Diversified,0,14,7.015814,0.525011,8.525779,1.249259
2003,4,2003-12-31,Diversified,0,15,3.328520,6.010258,4.326402,10.821182
2004,1,2004-03-31,Diversified,0,12,7.736510,7.892177,9.837348,14.308786
2004,2,2004-06-30,Diversified,0,13,-2.788143,-2.690782,-3.762037,-4.659844
2004,3,2004-09-30,Diversified,0,13,4.261896,4.324219,5.214895,6.708104
2004,4,2004-12-31,Diversified,0,13,10.620895,9.465567,12.797854,15.587060
2005,1,2005-03-31,Diversified,0,14,-5.910627,-1.371953,-6.768947,-3.952271
2005,2,2005-06-30,Diversified,0,14,2.950862,2.660094,3.886954,4.467595
2005,3,2005-09-30,Diversified,0,14,0.001493,1.188346,-0.018430,1.159688
2005,4,2005-12-31,Diversified,0,13,-5.353142,0.022237,-6.942468,0.674930
2006,1,2006-03-31,Diversified,0,14,6.701233,4.772668,9.786710,8.333028
2006,2,2006-06-30,Diversified,0,14,1.148501,1.725288,1.326013,2.260907
2006,3,2006-09-30,Diversified,0,14,9.107483,5.207155,11.852263,9.311521
2006,4,2006-12-31,Diversified,0,12,13.333855,7.297868,17.767060,13.547335
2007,1,2007-03-31,Diversified,0,12,-0.215704,0.839282,-0.246425,-0.686705
2007,2,2007-06-30,Diversified,0,13,-2.487017,-0.733395,-4.249306,-3.586742
2007,3,2007-09-30,Diversified,0,13,-12.847182,-2.498061,-17.790428,-7.296750
2007,4,2007-12-31,Diversified,0,13,-9.722358,-2.914636,-16.358566,-8.313300
2008,1,2008-03-31,Diversified,0,13,-18.533461,-4.361305,-31.346509,-10.350485
2008,2,2008-06-30,Diversified,0,12,-2.296391,0.081452,-6.439477,-1.455865
2008,3,2008-09-30,Diversified,0,12,-17.754978,-1.837876,-40.356638,-7.281900
2008,4,2008-12-31,Diversified,0,12,-14.230694,-14.037072,-42.656921,-44.071851
2009,1,2009-03-31,Diversified,0,12,-6.530353,-5.225308,-19.253600,-20.177110
2009,2,2009-06-30,Diversified,0,12,8.867193,7.917223,30.507005,34.867992
2009,3,2009-09-30,Diversified,0,12,7.798482,6.684508,31.031667,28.151493
2009,4,2009-12-31,Diversified,0,12,0.920603,1.445305,-3.455508,-0.844651
2010,1,2010-03-31,Diversified,0,12,6.121273,7.009380,26.394811,25.609132
2010,2,2010-06-30,Diversified,0,13,-1.033973,-0.202784,-7.089791,-4.496263
2010,3,2010-09-30,Diversified,0,13,2.106870,3.774455,0.859621,27.328622
2010,4,2010-12-31,Diversified,0,12,11.529699,7.861124,43.487629,30.226896
2011,1,2011-03-31,Diversified,0,12,4.494365,2.756454,9.600107,2.221494
2011,2,2011-06-30,Diversified,0,14,0.019591,-0.710129,-3.277523,-4.952248
2011,3,2011-09-30,Diversified,0,15,-8.698641,-7.328152,-23.264725,-18.454482
2011,4,2011-12-31,Diversified,0,13,4.192274,5.371532,6.499479,10.410944
2012,1,2012-03-31,Diversified,0,13,8.260312,7.142222,19.921358,15.132911
2012,2,2012-06-30,Diversified,0,14,-0.071385,1.079950,-2.845588,0.915597
2012,3,2012-09-30,Diversified,0,14,5.484093,4.744810,11.674135,9.510375
2012,4,2012-12-31,Diversified,0,15,2.474573,1.998673,3.294168,3.131675
2013,1,2013-03-31,Diversified,0,14,12.817161,15.097103,21.905098,37.818011
2013,2,2013-06-30,Diversified,0,15,1.317440,0.651815,1.360992,1.173516
2013,3,2013-09-30,Diversified,0,18,0.083962,-0.512546,0.028595,-2.030142
2013,4,2013-12-31,Diversified,0,17,4.903857,3.349095,9.074716,5.700258
2014,1,2014-03-31,Diversified,0,17,4.237962,3.985426,6.527053,6.212478
2014,2,2014-06-30,Diversified,0,17,3.296562,2.744845,5.023941,5.013121
2014,3,2014-09-30,Diversified,0,17,-1.410783,-0.690389,-2.528159,-2.229216
2014,4,2014-12-31,Diversified,0,16,5.478420,4.394804,8.355343,7.842818
2015,1,2015-03-31,Diversified,0,18,2.750719,4.213670,4.329142,7.284916
2015,2,2015-06-30,Diversified,0,18,-4.060923,-3.430188,-8.180237,-7.108458
2015,3,2015-09-30,Diversified,0,19,-2.628410,-2.152529,-6.585235,-4.577426
2015,4,2015-12-31,Diversified,0,18,1.191472,1.488655,-0.336341,2.099264
2016,1,2016-03-31,Diversified,0,18,1.569088,2.011471,0.669494,2.412040
2016,2,2016-06-30,Diversified,0,18,5.558328,3.850787,8.103578,6.563839
2016,3,2016-09-30,Diversified,0,17,1.659047,3.055655,2.936976,4.959706
2016,4,2016-12-31,Diversified,0,17,-1.056207,1.219207,-1.303473,2.837573
2017,1,2017-03-31,Diversified,0,16,1.482282,1.215547,1.717210,0.679534
2017,2,2017-06-30,Diversified,0,17,1.296446,0.773164,1.631214,1.355581
2017,3,2017-09-30,Diversified,0,17,2.734964,2.197047,3.648244,3.340049
2017,4,2017-12-31,Diversified,0,18,0.112365,2.711638,-0.330630,3.060051
2018,1,2018-03-31,Diversified,0,18,-5.563991,-4.541400,-10.580361,-10.850278
2018,2,2018-06-30,Diversified,0,18,6.701361,5.734929,11.280594,10.987758
2018,3,2018-09-30,Diversified,0,18,1.994021,2.158495,2.827458,5.677107
2018,4,2018-12-31,Diversified,0,16,-1.968803,-3.305657,-4.614273,-7.543630
2019,1,2019-03-31,Diversified,0,18,11.304481,8.465534,17.426266,13.925368
2019,2,2019-06-30,Diversified,0,18,2.733209,1.022637,4.589411,0.159473
2019,3,2019-09-30,Diversified,0,18,5.054764,2.943673,7.042763,3.828597
2019,4,2019-12-31,Diversified,0,18,-1.586125,-0.568649,-2.538928,-1.969700
2020,1,2020-03-31,Diversified,0,18,-23.044461,-18.106222,-36.146629,-36.780198
2020,2,2020-06-30,Diversified,0,18,8.710526,7.637233,16.691286,18.866326
2020,3,2020-09-30,Diversified,0,18,-0.251435,-1.160076,-1.858251,-7.184500
2020,4,2020-12-31,Diversified,0,19,11.292547,9.993501,18.937585,24.092484
2021,1,2021-03-31,Diversified,0,20,3.918620,4.589882,7.148434,9.582637
2021,2,2021-06-30,Diversified,0,20,6.343034,6.614435,9.539857,8.421373
2021,3,2021-09-30,Diversified,0,20,2.450153,2.596006,2.905157,4.012037
2021,4,2021-12-31,Diversified,0,20,4.733515,4.320286,7.108945,9.045580
2022,1,2022-03-31,Diversified,0,20,-2.685668,-0.730767,-3.406928,0.003584
2022,2,2022-06-30,Diversified,0,19,-8.965855,-7.151749,-13.058161,-13.766524
2022,3,2022-09-30,Diversified,0,19,-8.142418,-6.463268,-12.818054,-14.574674
2022,4,2022-12-31,Diversified,0,19,5.669128,4.357501,8.783728,4.813925
2023,1,2023-03-31,Diversified,0,18,-0.226064,-0.801799,-1.575020,-2.412767
2023,2,2023-06-30,Diversified,0,17,-3.018384,0.523212,-4.844302,-2.100982
2023,3,2023-09-30,Diversified,0,18,-7.021127,-3.052539,-12.915938,-8.137631
2023,4,2023-12-31,Diversified,0,18,10.637781,6.463969,19.448759,14.994754
2024,1,2024-03-31,Diversified,0,18,-4.875979,-1.584099,-9.814454,-4.333702
2024,2,2024-06-30,Diversified,0,18,0.687660,0.726829,-0.096752,-3.663959
2024,3,2024-09-30,Diversified,0,18,8.926035,5.933102,16.235252,13.862992
2024,4,2024-12-31,Diversified,0,19,-4.928721,-1.802659,-9.564780,-6.689092
2025,1,2025-03-31,Diversified,0,20,5.761760,-0.695729,9.129305,-7.060790
2025,2,2025-06-30,Diversified,0,20,1.373609,0.635297,1.554071,-3.597422
2025,3,2025-09-30,Diversified,0,20,4.676725,2.482663,7.687697,2.201939
2025,4,2025-12-31,Diversified,0,20,-1.257666,0.752610,-3.361971,-4.649532
1993,1,1993-03-31,Health Care,0,9,16.949414,15.129052,23.014855,21.620275
1993,2,1993-06-30,Health Care,0,9,0.037709,-0.173576,-0.729080,-1.050026
1993,3,1993-09-30,Health Care,0,9,7.154170,7.788045,8.888068,9.848886
1993,4,1993-12-31,Health Care,0,9,-5.950362,-3.121995,-7.903988,-4.650494
1994,1,1994-03-31,Health Care,0,9,6.083047,3.911082,6.943489,4.144557
1994,2,1994-06-30,Health Care,0,10,1.919529,1.989812,1.806776,1.720091
1994,3,1994-09-30,Health Care,0,10,0.828372,1.516622,0.575416,1.976076
1994,4,1994-12-31,Health Care,0,10,-2.091561,-2.698328,-4.103538,-5.392638
1995,1,1995-03-31,Health Care,0,10,2.681699,1.884056,2.615112,0.463484
1995,2,1995-06-30,Health Care,0,10,5.780971,5.043073,7.525246,7.816314
1995,3,1995-09-30,Health Care,0,10,5.746146,4.614597,7.166794,5.622991
1995,4,1995-12-31,Health Care,0,10,4.722538,5.115931,6.086027,6.976463
1996,1,1996-03-31,Health Care,0,10,2.620154,6.235770,3.418179,9.684760
1996,2,1996-06-30,Health Care,0,10,2.473148,1.686854,2.741760,2.030668
1996,3,1996-09-30,Health Care,0,10,3.318094,4.034983,3.991912,5.838525
1996,4,1996-12-31,Health Care,0,10,8.758020,8.398974,11.875323,11.828329
1997,1,1997-03-31,Health Care,0,10,-1.558426,-0.453694,-2.895200,-1.420737
1997,2,1997-06-30,Health Care,0,10,5.003026,4.103234,6.430896,5.043508
1997,3,1997-09-30,Health Care,0,10,6.054192,6.469582,7.934945,8.870782
1997,4,1997-12-31,Health Care,0,10,5.377279,5.808346,7.331317,8.573950
1998,1,1998-03-31,Health Care,0,10,-0.264211,-0.470986,-1.421857,-2.477199
1998,2,1998-06-30,Health Care,0,12,-2.611711,-2.205232,-4.591403,-4.322482
1998,3,1998-09-30,Health Care,0,11,-1.668400,-1.902465,-3.818748,-4.544611
1998,4,1998-12-31,Health Care,0,11,-3.060014,-3.274341,-6.132067,-7.891499
1999,1,1999-03-31,Health Care,0,12,-7.777525,-5.896058,-16.764785,-13.666315
1999,2,1999-06-30,Health Care,0,12,4.185100,4.211389,6.214757,6.391842
1999,3,1999-09-30,Health Care,0,12,-4.420294,-3.992732,-11.086909,-12.041440
1999,4,1999-12-31,Health Care,0,11,-5.531237,-5.303141,-15.539211,-15.134669
2000,1,2000-03-31,Health Care,0,12,-2.064270,-3.122494,-9.728899,-14.570430
2000,2,2000-06-30,Health Care,0,12,4.850813,2.590362,8.914862,-2.435137
2000,3,2000-09-30,Health Care,0,12,5.550072,4.023587,11.951810,9.040307
2000,4,2000-12-31,Health Care,0,12,1.045538,2.639547,-0.210432,15.369071
2001,1,2001-03-31,Health Care,0,12,11.884546,9.962289,25.386269,23.139577
2001,2,2001-06-30,Health Care,0,12,7.567425,8.236926,14.322748,22.204899
2001,3,2001-09-30,Health Care,0,11,6.758933,7.717460,10.258822,15.124199
2001,4,2001-12-31,Health Care,0,11,1.177204,3.803792,1.949819,13.640510
2002,1,2002-03-31,Health Care,0,11,7.547934,5.371035,11.687265,8.080914
2002,2,2002-06-30,Health Care,0,11,5.177893,6.098150,7.639822,10.852599
2002,3,2002-09-30,Health Care,0,11,-2.681430,-3.388555,-5.271865,-7.577371
2002,4,2002-12-31,Health Care,0,12,-2.531511,-1.692473,-6.657955,-6.959707
2003,1,2003-03-31,Health Care,0,12,-1.374276,-1.153424,-4.583910,-5.760238
2003,2,2003-06-30,Health Care,0,12,14.818863,13.460281,27.040137,33.201010
2003,3,2003-09-30,Health Care,0,12,6.863378,6.507589,10.656338,12.873862
2003,4,2003-12-31,Health Care,0,11,12.670769,13.958803,19.039166,22.212665
2004,1,2004-03-31,Health Care,0,11,11.780384,10.146672,16.738704,14.917959
2004,2,2004-06-30,Health Care,0,11,-8.868271,-7.404981,-13.448916,-11.382234
2004,3,2004-09-30,Health Care,0,11,7.357196,7.691435,10.265047,10.890462
2004,4,2004-12-31,Health Care,0,11,6.530862,6.682982,9.236862,9.685224
2005,1,2005-03-31,Health Care,0,11,-7.014651,-5.968938,-11.450764,-9.568093
2005,2,2005-06-30,Health Care,0,11,12.580367,12.033801,18.453779,17.029853
2005,3,2005-09-30,Health Care,0,11,2.171533,1.922322,2.673320,2.823169
2005,4,2005-12-31,Health Care,0,12,-1.807261,-1.814575,-3.896714,-3.610563
2006,1,2006-03-31,Health Care,0,13,6.378017,7.479215,9.316986,10.782722
2006,2,2006-06-30,Health Care,0,13,0.161042,-0.285789,-0.856366,-1.390287
2006,3,2006-09-30,Health Care,0,13,11.009446,10.564665,16.785621,15.556833
2006,4,2006-12-31,Health Care,0,12,10.370727,11.185900,15.046039,15.057244
2007,1,2007-03-31,Health Care,0,12,0.519597,-0.553769,0.047722,-1.246043
2007,2,2007-06-30,Health Care,0,12,-7.085315,-4.406615,-12.314043,-7.389859
2007,3,2007-09-30,Health Care,0,11,7.863413,5.020773,12.067551,6.602390
2007,4,2007-12-31,Health Care,0,11,3.506406,0.965122,5.047134,0.551195
2008,1,2008-03-31,Health Care,0,11,2.573424,4.055297,2.801977,5.052482
2008,2,2008-06-30,Health Care,0,11,-2.768931,-3.191731,-4.884267,-4.636509
2008,3,2008-09-30,Health Care,0,11,13.858809,14.170526,21.526044,19.283913
2008,4,2008-12-31,Health Care,0,11,-16.759659,-16.603393,-25.715726,-25.776089
2009,1,2009-03-31,Health Care,0,11,-14.882272,-11.274458,-26.517267,-22.269916
2009,2,2009-06-30,Health Care,0,11,11.412275,10.603051,20.531897,18.786769
2009,3,2009-09-30,Health Care,0,11,16.420045,13.428557,26.915298,20.997698
2009,4,2009-12-31,Health Care,0,11,8.981360,10.557151,12.586123,15.403571
2010,1,2010-03-31,Health Care,0,11,4.890715,5.379233,6.672216,8.178845
2010,2,2010-06-30,Health Care,0,11,-0.597109,-1.785456,-1.644230,-3.435548
2010,3,2010-09-30,Health Care,0,11,8.993077,8.295314,12.463329,10.642255
2010,4,2010-12-31,Health Care,0,11,1.572746,2.466083,1.628741,2.311995
2011,1,2011-03-31,Health Care,0,12,5.692169,5.443082,7.311251,6.565683
2011,2,2011-06-30,Health Care,0,11,-0.246501,-0.246421,-0.981159,-0.888228
2011,3,2011-09-30,Health Care,0,11,-4.107488,-8.591177,-7.402970,-15.447108
2011,4,2011-12-31,Health Care,0,11,10.618793,11.052721,16.065229,17.070305
2012,1,2012-03-31,Health Care,0,10,1.638500,5.020519,1.780942,7.071606
2012,2,2012-06-30,Health Care,0,10,7.425728,6.272838,10.240506,8.287834
2012,3,2012-09-30,Health Care,0,11,0.971705,2.431800,0.900448,3.359045
2012,4,2012-12-31,Health Care,0,11,4.356893,6.507499,5.807219,8.787837
2013,1,2013-03-31,Health Care,0,11,10.283410,14.057867,14.693614,20.368226
2013,2,2013-06-30,Health Care,0,11,-2.821268,-4.267863,-4.344617,-6.112104
2013,3,2013-09-30,Health Care,0,11,-5.130332,-4.139250,-7.934998,-6.556201
2013,4,2013-12-31,Health Care,0,12,-4.526582,-0.924966,-7.550951,-1.732390
2014,1,2014-03-31,Health Care,0,12,6.283322,6.766206,9.290208,9.346899
2014,2,2014-06-30,Health Care,0,12,5.224883,4.814402,7.353722,6.574291
2014,3,2014-09-30,Health Care,0,14,-1.678727,-3.825341,-3.117737,-6.625678
2014,4,2014-12-31,Health Care,0,13,11.494101,12.432014,17.177805,18.829385
2015,1,2015-03-31,Health Care,0,14,2.343297,4.533098,2.964343,6.141973
2015,2,2015-06-30,Health Care,0,14,-9.313570,-8.750691,-14.243920,-13.621476
2015,3,2015-09-30,Health Care,0,15,1.946500,-1.758048,2.229072,-3.696348
2015,4,2015-12-31,Health Care,0,16,1.889532,2.988558,2.276721,3.071267
2016,1,2016-03-31,Health Care,0,16,2.559636,4.809069,3.604819,7.335251
2016,2,2016-06-30,Health Care,0,17,7.818558,6.851633,11.778247,10.042569
2016,3,2016-09-30,Health Care,0,17,2.004789,4.082826,2.794197,6.045588
2016,4,2016-12-31,Health Care,0,18,-6.345328,-3.817998,-10.305727,-6.997059
2017,1,2017-03-31,Health Care,0,19,4.630827,4.729124,6.864456,7.271961
2017,2,2017-06-30,Health Care,0,19,3.961643,4.153757,5.270645,5.019171
2017,3,2017-09-30,Health Care,0,18,-3.204883,-1.943415,-5.355130,-3.949471
2017,4,2017-12-31,Health Care,0,18,-3.153064,-1.888615,-5.483935,-4.427654
2018,1,2018-03-31,Health Care,0,18,-6.779368,-4.567466,-10.821098,-6.471979
2018,2,2018-06-30,Health Care,0,17,9.088718,8.440558,14.599622,13.831090
2018,3,2018-09-30,Health Care,0,17,2.086528,2.903869,2.665915,3.057179
2018,4,2018-12-31,Health Care,0,17,2.660817,-2.315720,3.188733,-5.981241
2019,1,2019-03-31,Health Care,0,17,8.793664,11.392217,13.010128,19.421597
2019,2,2019-06-30,Health Care,0,16,2.586039,1.861332,2.992053,2.512165
2019,3,2019-09-30,Health Care,0,16,7.783208,7.474055,11.176576,10.941383
2019,4,2019-12-31,Health Care,0,16,-4.148291,-0.042106,-6.211669,0.348912
2020,1,2020-03-31,Health Care,0,16,-24.385342,-19.547442,-37.376621,-33.270345
2020,2,2020-06-30,Health Care,0,16,10.165628,9.085758,18.465122,18.976184
2020,3,2020-09-30,Health Care,0,16,2.448455,1.120836,3.715133,1.397707
2020,4,2020-12-31,Health Care,0,16,10.528340,8.994485,17.094634,15.789886
2021,1,2021-03-31,Health Care,0,16,4.598413,3.599015,6.695456,6.328130
2021,2,2021-06-30,Health Care,0,16,4.657039,2.272635,6.497082,4.017036
2021,3,2021-09-30,Health Care,0,15,-1.350670,-3.753741,-2.621198,-6.868160
2021,4,2021-12-31,Health Care,0,15,3.789780,5.260231,5.201865,6.905309
2022,1,2022-03-31,Health Care,0,15,4.292862,0.949393,6.014125,1.545717
2022,2,2022-06-30,Health Care,0,15,-9.955507,-6.757722,-15.135698,-12.837952
2022,3,2022-09-30,Health Care,0,14,-10.102253,-6.147444,-16.014516,-13.151481
2022,4,2022-12-31,Health Care,0,14,3.057613,2.263784,4.231201,0.829966
2023,1,2023-03-31,Health Care,0,15,0.887582,0.611633,0.053218,4.990349
2023,2,2023-06-30,Health Care,0,15,5.476282,2.421186,8.473364,7.827945
2023,3,2023-09-30,Health Care,0,15,-0.972514,-1.246382,-3.324574,-5.021203
2023,4,2023-12-31,Health Care,0,15,6.882662,5.336682,10.229194,13.982387
2024,1,2024-03-31,Health Care,0,15,1.024559,0.509611,0.226399,-1.573714
2024,2,2024-06-30,Health Care,0,16,7.894830,3.936278,10.886098,8.784780
2024,3,2024-09-30,Health Care,0,16,17.100082,12.591945,24.018269,23.151493
2024,4,2024-12-31,Health Care,0,16,-2.792851,-4.407116,-4.897754,-10.917679
2025,1,2025-03-31,Health Care,0,16,12.643919,6.149135,16.399047,11.451809
2025,2,2025-06-30,Health Care,0,16,-0.458092,0.044135,-1.500233,-0.656808
2025,3,2025-09-30,Health Care,0,16,11.716660,6.668409,14.661695,10.936811
2025,4,2025-12-31,Health Care,0,16,4.027709,2.248866,4.508244,3.068976
1993,1,1993-03-31,Hotel,0,1,,,,
1993,2,1993-06-30,Hotel,0,1,,,,
1993,3,1993-09-30,Hotel,0,1,,,,
1993,4,1993-12-31,Hotel,0,2,,,,
1994,1,1994-03-31,Hotel,0,3,10.155226,4.045804,10.155225,4.045800
1994,2,1994-06-30,Hotel,0,4,5.146746,3.663281,5.090150,3.447058
1994,3,1994-09-30,Hotel,0,5,-6.853718,-3.894147,-7.273645,-4.327440
1994,4,1994-12-31,Hotel,0,6,-6.359890,-3.829171,-6.370774,-3.456670
1995,1,1995-03-31,Hotel,0,8,4.275284,9.929542,4.476230,12.008072
1995,2,1995-06-30,Hotel,0,8,7.417501,5.596291,7.895055,5.847656
1995,3,1995-09-30,Hotel,0,8,8.133771,7.348305,9.169347,9.481672
1995,4,1995-12-31,Hotel,0,8,1.857871,3.104654,1.744654,3.017635
1996,1,1996-03-31,Hotel,0,8,9.181488,7.285102,9.837006,8.266377
1996,2,1996-06-30,Hotel,0,8,-2.101281,-1.000368,-2.835282,-1.651479
1996,3,1996-09-30,Hotel,0,8,5.592383,6.131604,6.446819,7.242125
1996,4,1996-12-31,Hotel,0,9,12.986574,12.916824,15.567653,15.911729
1997,1,1997-03-31,Hotel,0,10,1.830502,2.299710,1.993343,2.776220
1997,2,1997-06-30,Hotel,0,10,3.155681,4.830610,3.480709,5.386717
1997,3,1997-09-30,Hotel,0,10,10.198160,8.843955,13.473389,11.719059
1997,4,1997-12-31,Hotel,0,10,-3.315186,-0.513324,-5.083653,-1.023835
1998,1,1998-03-31,Hotel,0,10,3.878242,2.207776,4.007259,1.829166
1998,2,1998-06-30,Hotel,0,10,-7.334272,-6.372230,-11.390647,-10.098498
1998,3,1998-09-30,Hotel,0,11,-7.982141,-7.750374,-15.868719,-15.897984
1998,4,1998-12-31,Hotel,0,11,-2.022573,-1.462608,-3.114742,-3.691163
1999,1,1999-03-31,Hotel,0,12,-0.875484,0.359664,-6.020367,-1.537247
1999,2,1999-06-30,Hotel,0,13,3.827537,5.253980,7.531747,10.597728
1999,3,1999-09-30,Hotel,0,13,-6.475344,-4.765581,-16.613759,-12.534409
1999,4,1999-12-31,Hotel,0,13,-1.208124,-0.675770,-5.033495,-3.820128
2000,1,2000-03-31,Hotel,0,13,4.044241,3.095102,7.209585,4.507557
2000,2,2000-06-30,Hotel,0,13,6.177569,6.226948,11.701325,11.807798
2000,3,2000-09-30,Hotel,0,13,5.842169,4.717552,13.469749,9.501383
2000,4,2000-12-31,Hotel,0,13,3.859620,1.180362,7.313749,-0.437864
2001,1,2001-03-31,Hotel,0,13,3.448357,5.957588,2.741695,10.200898
2001,2,2001-06-30,Hotel,0,13,6.218578,6.660720,11.668008,12.939039
2001,3,2001-09-30,Hotel,0,13,-13.289337,-11.210562,-34.878843,-28.717359
2001,4,2001-12-31,Hotel,0,13,10.279579,6.577656,22.650298,15.035289
2002,1,2002-03-31,Hotel,0,13,11.594310,9.271914,26.254982,20.967270
2002,2,2002-06-30,Hotel,0,13,0.661994,0.410162,-3.455035,-2.648124
2002,3,2002-09-30,Hotel,0,13,-6.134433,-5.615431,-18.207343,-16.827648
2002,4,2002-12-31,Hotel,0,12,2.498422,1.725483,-0.577209,-0.177260
2003,1,2003-03-31,Hotel,0,12,-5.876412,-3.296370,-19.247663,-14.829726
2003,2,2003-06-30,Hotel,0,12,6.564142,6.527372,19.264125,21.143135
2003,3,2003-09-30,Hotel,0,12,8.141457,6.985574,18.083327,18.113050
2003,4,2003-12-31,Hotel,0,13,8.576206,6.974856,14.013344,13.661392
2004,1,2004-03-31,Hotel,0,13,5.313307,4.871589,6.965777,6.313182
2004,2,2004-06-30,Hotel,0,15,-1.251680,-1.182210,-2.568981,-2.127717
2004,3,2004-09-30,Hotel,0,16,4.193631,3.805377,5.869497,3.878776
2004,4,2004-12-31,Hotel,0,16,11.578833,9.399753,20.962811,18.198042
2005,1,2005-03-31,Hotel,0,19,-3.015145,-2.424486,-6.559542,-6.029013
2005,2,2005-06-30,Hotel,0,19,6.744954,6.462932,10.977029,11.871997
2005,3,2005-09-30,Hotel,0,20,1.035977,2.068906,0.504352,2.653384
2005,4,2005-12-31,Hotel,0,20,2.915783,1.665173,4.897258,1.689840
2006,1,2006-03-31,Hotel,0,19,7.760618,7.128439,12.846035,13.487607
2006,2,2006-06-30,Hotel,0,19,2.258216,2.090140,2.720239,2.722782
2006,3,2006-09-30,Hotel,0,18,2.870333,2.080218,3.170206,1.959106
2006,4,2006-12-31,Hotel,0,18,4.896200,4.366391,6.515161,6.496135
2007,1,2007-03-31,Hotel,0,18,5.182740,4.915201,7.359520,8.115708
2007,2,2007-06-30,Hotel,0,15,-2.764265,2.284031,-4.827065,3.708461
2007,3,2007-09-30,Hotel,0,13,-1.788904,-2.688994,-4.670394,-7.343166
2007,4,2007-12-31,Hotel,0,13,-11.839878,-9.241485,-21.180011,-19.262949
2008,1,2008-03-31,Hotel,0,12,-3.480475,-4.181753,-8.225115,-11.699910
2008,2,2008-06-30,Hotel,0,12,-7.054131,-4.717292,-15.348534,-13.796114
2008,3,2008-09-30,Hotel,0,12,-1.260365,-1.331376,-5.660774,-7.370169
2008,4,2008-12-31,Hotel,0,12,-18.905800,-16.173665,-46.347072,-57.035194
2009,1,2009-03-31,Hotel,0,12,-12.065523,-5.013592,-37.611365,-29.466779
2009,2,2009-06-30,Hotel,0,12,17.426584,9.728505,72.899368,69.348137
2009,3,2009-09-30,Hotel,0,12,18.531574,11.582327,47.117224,52.922767
2009,4,2009-12-31,Hotel,0,12,3.621808,2.374558,5.416084,0.693649
2010,1,2010-03-31,Hotel,0,13,10.994164,8.202702,22.532182,36.437672
2010,2,2010-06-30,Hotel,0,14,-5.612398,-5.644253,-10.628238,-12.954466
2010,3,2010-09-30,Hotel,0,15,5.712003,4.560754,9.014699,9.753386
2010,4,2010-12-31,Hotel,0,15,11.933268,7.938570,19.492956,16.182679
2011,1,2011-03-31,Hotel,0,15,0.085455,0.704709,-0.434390,1.848280
2011,2,2011-06-30,Hotel,0,16,-1.066065,-0.190130,-2.406446,-2.554593
2011,3,2011-09-30,Hotel,0,17,-18.128957,-15.359598,-31.830181,-32.334886
2011,4,2011-12-31,Hotel,0,17,16.177930,11.702026,29.596887,24.922069
2012,1,2012-03-31,Hotel,0,17,8.492682,7.258933,14.195522,17.668379
2012,2,2012-06-30,Hotel,0,17,0.831236,3.011688,0.682035,5.553859
2012,3,2012-09-30,Hotel,0,17,0.659850,1.132714,0.008939,1.660592
2012,4,2012-12-31,Hotel,0,17,1.016508,2.502884,1.070356,3.122356
2013,1,2013-03-31,Hotel,0,17,8.504292,7.731771,14.060629,15.954353
2013,2,2013-06-30,Hotel,0,17,-1.261528,-0.805776,-2.735593,-2.981808
2013,3,2013-09-30,Hotel,0,17,4.372984,3.686418,6.166563,4.686057
2013,4,2013-12-31,Hotel,0,17,5.859942,4.869663,8.313958,5.838620
2014,1,2014-03-31,Hotel,0,18,4.094284,3.402274,5.922446,4.377220
2014,2,2014-06-30,Hotel,0,18,7.616540,7.109221,10.809915,11.842065
2014,3,2014-09-30,Hotel,0,18,-1.429341,-0.634859,-2.956511,-0.482609
2014,4,2014-12-31,Hotel,0,18,11.469080,10.031375,16.269846,15.563991
2015,1,2015-03-31,Hotel,0,18,-3.352865,0.098285,-4.307247,-1.499937
2015,2,2015-06-30,Hotel,0,19,-3.381641,-3.301255,-5.763184,-5.260456
2015,3,2015-09-30,Hotel,0,20,-8.559556,-6.079637,-12.932832,-12.784422
2015,4,2015-12-31,Hotel,0,19,-1.376234,-0.996870,-2.621635,-3.237879
2016,1,2016-03-31,Hotel,0,19,4.438365,2.823633,5.936540,5.408237
2016,2,2016-06-30,Hotel,0,19,-1.457517,-0.877936,-2.837773,-3.240974
2016,3,2016-09-30,Hotel,0,19,0.205372,0.722328,0.104865,2.039438
2016,4,2016-12-31,Hotel,0,19,13.369784,10.677783,20.090005,19.901565
2017,1,2017-03-31,Hotel,0,20,-0.841972,-1.415454,-2.109516,-5.345489
2017,2,2017-06-30,Hotel,0,20,1.292065,2.186637,1.403320,2.688400
2017,3,2017-09-30,Hotel,0,19,2.053705,2.038191,2.606452,2.363106
2017,4,2017-12-31,Hotel,0,19,4.178968,2.746692,5.411533,3.775124
2018,1,2018-03-31,Hotel,0,19,-2.932617,-1.629740,-4.848824,-2.860519
2018,2,2018-06-30,Hotel,0,20,8.928979,7.562933,13.162052,13.176634
2018,3,2018-09-30,Hotel,0,20,0.813704,0.180474,0.465455,-0.878279
2018,4,2018-12-31,Hotel,0,19,-13.489634,-11.886509,-20.463575,-23.004782
2019,1,2019-03-31,Hotel,0,19,10.418867,8.842686,15.796436,17.180708
2019,2,2019-06-30,Hotel,0,19,-1.578510,-0.378315,-3.284124,-3.238725
2019,3,2019-09-30,Hotel,0,18,-0.346221,0.729635,-1.041331,0.488765
2019,4,2019-12-31,Hotel,0,18,3.509810,2.546211,4.563665,2.588476
2020,1,2020-03-31,Hotel,0,18,-31.532994,-27.307616,-53.677614,-61.139186
2020,2,2020-06-30,Hotel,0,18,1.649272,3.205814,6.453775,18.454965
2020,3,2020-09-30,Hotel,0,18,0.091116,0.081075,-0.998141,-7.273445
2020,4,2020-12-31,Hotel,0,18,21.534967,16.502649,50.705418,54.309670
2021,1,2021-03-31,Hotel,0,18,9.498677,7.765228,17.243001,19.230429
2021,2,2021-06-30,Hotel,0,18,0.424197,1.470200,0.361189,6.828350
2021,3,2021-09-30,Hotel,0,18,-1.033601,-0.028271,-4.037687,-5.098281
2021,4,2021-12-31,Hotel,0,17,2.143106,1.334552,1.596603,-1.795435
2022,1,2022-03-31,Hotel,0,16,4.587032,2.901818,6.653695,4.928488
2022,2,2022-06-30,Hotel,0,16,-12.300697,-9.067138,-22.167477,-23.089140
2022,3,2022-09-30,Hotel,0,16,-1.156142,-1.366122,-3.977185,-4.213038
2022,4,2022-12-31,Hotel,0,16,3.882196,3.653606,6.356004,5.801917
2023,1,2023-03-31,Hotel,0,16,2.615860,1.380246,4.230888,0.546422
2023,2,2023-06-30,Hotel,0,16,1.420008,0.554208,0.910915,-0.887049
2023,3,2023-09-30,Hotel,0,16,-1.519632,0.198752,-3.813590,-3.652795
2023,4,2023-12-31,Hotel,0,15,13.201631,8.078554,22.002219,12.853989
2024,1,2024-03-31,Hotel,0,15,3.775055,2.035846,4.568962,-2.015369
2024,2,2024-06-30,Hotel,0,15,-6.557794,-3.322593,-11.623910,-10.658126
2024,3,2024-09-30,Hotel,0,15,1.459754,1.954644,1.264492,1.420064
2024,4,2024-12-31,Hotel,0,15,2.095256,2.431282,2.040753,-1.172326
2025,1,2025-03-31,Hotel,0,15,-9.275117,-5.857570,-16.930268,-15.866488
2025,2,2025-06-30,Hotel,0,15,2.888215,1.239616,3.356124,0.210083
2025,3,2025-09-30,Hotel,0,15,3.756598,3.032973,5.974385,5.042060
2025,4,2025-12-31,Hotel,0,15,3.211304,2.335849,3.772030,9.271857
1993,1,1993-03-31,Industrial,1,9,14.245415,8.373802,21.071004,10.201549
1993,2,1993-06-30,Industrial,1,9,1.693888,3.060815,3.850257,20.222956
1993,3,1993-09-30,Industrial,1,10,11.440196,6.184080,15.994218,16.479384
1993,4,1993-12-31,Industrial,1,10,-1.976757,-1.018136,-3.503134,2.485624
1994,1,1994-03-31,Industrial,1,12,5.494696,3.664074,8.437055,7.936399
1994,2,1994-06-30,Industrial,1,14,1.394341,0.216480,1.129992,-6.603616
1994,3,1994-09-30,Industrial,1,15,0.166292,0.709502,-0.725264,17.679599
1994,4,1994-12-31,Industrial,1,17,3.441699,0.849219,3.507186,-9.077011
1995,1,1995-03-31,Industrial,1,17,0.497585,2.308562,-0.512781,7.037579
1995,2,1995-06-30,Industrial,1,17,5.454265,4.218108,8.110986,7.796381
1995,3,1995-09-30,Industrial,1,17,4.686639,3.692808,6.591823,7.037058
1995,4,1995-12-31,Industrial,1,13,3.324667,3.535747,4.923254,4.689225
1996,1,1996-03-31,Industrial,1,13,1.728343,2.626616,1.866391,5.506075
1996,2,1996-06-30,Industrial,1,14,2.594282,3.075711,3.073659,5.421635
1996,3,1996-09-30,Industrial,1,14,6.809133,4.810023,10.416535,7.732836
1996,4,1996-12-31,Industrial,1,14,11.931144,8.547871,18.692655,14.078263
1997,1,1997-03-31,Industrial,1,14,2.045522,2.638858,1.936626,6.205784
1997,2,1997-06-30,Industrial,1,15,1.582870,2.338143,1.294668,3.833418
1997,3,1997-09-30,Industrial,1,15,8.150850,8.330191,12.317015,18.478827
1997,4,1997-12-31,Industrial,1,15,3.725496,2.628638,5.108443,2.601848
1998,1,1998-03-31,Industrial,1,16,0.042037,2.132143,-0.783968,5.826959
1998,2,1998-06-30,Industrial,1,17,-1.508027,-2.176407,-3.502162,-4.684608
1998,3,1998-09-30,Industrial,1,18,-3.030677,-2.660830,-5.982865,-6.386450
1998,4,1998-12-31,Industrial,1,18,1.011097,2.844602,0.282518,3.313606
1999,1,1999-03-31,Industrial,1,17,-2.938699,-2.985790,-6.717205,-7.011383
1999,2,1999-06-30,Industrial,1,16,8.436856,7.851596,14.907387,15.054119
1999,3,1999-09-30,Industrial,1,15,-4.515777,-1.932157,-9.533481,-5.511113
1999,4,1999-12-31,Industrial,1,15,2.151508,0.650136,3.299695,-0.083180
2000,1,2000-03-31,Industrial,1,15,1.956106,2.547077,2.301360,3.192718
2000,2,2000-06-30,Industrial,1,15,7.373144,6.195289,12.838382,10.611155
2000,3,2000-09-30,Industrial,1,15,6.039491,4.894289,9.404385,6.636703
2000,4,2000-12-31,Industrial,1,15,3.158316,2.637613,4.674503,3.706020
2001,1,2001-03-31,Industrial,1,14,-1.062458,1.583374,-3.037262,2.582594
2001,2,2001-06-30,Industrial,1,14,4.952229,4.172988,7.782629,6.395863
2001,3,2001-09-30,Industrial,1,13,-0.422927,0.324572,-2.211780,-0.983078
2001,4,2001-12-31,Industrial,1,12,4.414153,4.618591,6.644450,7.000772
2002,1,2002-03-31,Industrial,1,12,5.482334,5.641317,8.916466,10.474292
2002,2,2002-06-30,Industrial,1,12,5.628275,4.428581,8.798905,7.556157
2002,3,2002-09-30,Industrial,1,12,-3.812972,-1.350433,-7.627500,-3.451368
2002,4,2002-12-31,Industrial,1,11,2.502247,1.774908,3.159788,1.990457
2003,1,2003-03-31,Industrial,1,11,2.768643,2.642717,3.949589,4.320251
2003,2,2003-06-30,Industrial,1,12,4.564118,5.683697,6.970581,9.357000
2003,3,2003-09-30,Industrial,1,12,5.814313,5.876474,9.030621,9.304201
2003,4,2003-12-31,Industrial,1,10,7.168113,7.848834,10.996240,13.189808
2004,1,2004-03-31,Industrial,1,10,8.528997,7.537450,13.263814,12.216900
2004,2,2004-06-30,Industrial,1,12,-3.469693,-3.768491,-6.378273,-7.309790
2004,3,2004-09-30,Industrial,1,11,4.044857,4.167504,5.775090,6.161730
2004,4,2004-12-31,Industrial,1,11,6.816091,6.648439,10.370920,10.012067
2005,1,2005-03-31,Industrial,1,11,-5.006693,-3.232897,-8.885001,-6.084019
2005,2,2005-06-30,Industrial,1,11,8.097263,6.610999,12.681746,9.857404
2005,3,2005-09-30,Industrial,1,10,2.684191,2.049535,3.639083,1.985087
2005,4,2005-12-31,Industrial,1,9,2.810755,2.275652,3.790544,2.620058
2006,1,2006-03-31,Industrial,1,9,7.153964,5.681784,11.336952,8.686550
2006,2,2006-06-30,Industrial,1,9,-1.882155,-0.545030,-4.448850,-2.365141
2006,3,2006-09-30,Industrial,1,9,5.398795,4.183038,8.792892,6.374364
2006,4,2006-12-31,Industrial,1,9,5.362142,5.691455,8.593628,8.937329
2007,1,2007-03-31,Industrial,1,10,1.237533,0.872528,1.270832,0.461854
2007,2,2007-06-30,Industrial,1,10,-5.723166,-3.707916,-10.634075,-7.084377
2007,3,2007-09-30,Industrial,1,9,1.132345,0.435908,0.679853,-0.550721
2007,4,2007-12-31,Industrial,1,9,-6.072427,-4.797464,-12.857734,-10.907418
2008,1,2008-03-31,Industrial,1,9,-0.200441,1.323356,-1.854207,0.707835
2008,2,2008-06-30,Industrial,1,9,-1.203318,-2.000268,-3.416710,-5.578350
2008,3,2008-09-30,Industrial,1,9,2.856896,4.996704,5.687054,10.844064
2008,4,2008-12-31,Industrial,1,9,-20.346786,-17.309824,-45.088847,-40.717259
2009,1,2009-03-31,Industrial,1,9,-9.765923,-8.605093,-31.807066,-32.823908
2009,2,2009-06-30,Industrial,1,9,11.532534,8.950832,32.739781,35.780276
2009,3,2009-09-30,Industrial,1,9,13.219161,10.352548,30.461664,28.347965
2009,4,2009-12-31,Industrial,1,9,2.757432,2.597469,4.901229,5.285127
2010,1,2010-03-31,Industrial,1,9,3.957969,4.307709,7.134823,11.444173
2010,2,2010-06-30,Industrial,1,10,-4.381395,-3.993851,-10.374231,-11.023270
2010,3,2010-09-30,Industrial,1,10,5.470248,4.445639,9.350365,8.215936
2010,4,2010-12-31,Industrial,1,10,6.376104,5.601129,12.177935,15.510017
2011,1,2011-03-31,Industrial,1,10,5.925071,4.276408,10.929551,9.653270
2011,2,2011-06-30,Industrial,1,9,0.214587,0.069959,-0.884984,-1.100629
2011,3,2011-09-30,Industrial,1,10,-7.245180,-7.746496,-16.828408,-16.694839
2011,4,2011-12-31,Industrial,1,10,7.206960,8.368083,14.522670,16.840523
2012,1,2012-03-31,Industrial,1,10,9.494822,7.788732,18.164404,15.839862
2012,2,2012-06-30,Industrial,1,11,2.823807,3.680840,3.839616,5.394180
2012,3,2012-09-30,Industrial,1,11,2.136403,2.891145,2.897575,4.356593
2012,4,2012-12-31,Industrial,1,11,1.602512,2.200941,1.442501,2.548112
2013,1,2013-03-31,Industrial,1,11,8.586857,8.402569,15.488609,15.050253
2013,2,2013-06-30,Industrial,1,11,-2.939694,-2.646709,-5.640398,-5.112333
2013,3,2013-09-30,Industrial,1,11,1.200227,1.259226,1.009526,1.052771
2013,4,2013-12-31,Industrial,1,12,0.204138,0.886411,-0.616683,0.580046
2014,1,2014-03-31,Industrial,1,12,6.487493,6.167821,10.370112,9.693040
2014,2,2014-06-30,Industrial,1,12,2.809736,2.353667,3.922673,3.143827
2014,3,2014-09-30,Industrial,1,12,-4.245326,-3.566107,-7.537803,-6.305407
2014,4,2014-12-31,Industrial,1,12,9.281169,8.838245,14.873470,13.744826
2015,1,2015-03-31,Industrial,1,12,1.019708,0.999436,0.963675,0.845045
2015,2,2015-06-30,Industrial,1,12,-6.246810,-5.959663,-10.502506,-9.916289
2015,3,2015-09-30,Industrial,1,12,1.230697,0.371596,1.495320,0.297939
2015,4,2015-12-31,Industrial,1,12,5.055344,5.405403,7.177842,7.744885
2016,1,2016-03-31,Industrial,1,12,5.984574,6.184027,8.851343,9.412977
2016,2,2016-06-30,Industrial,1,12,11.718933,10.456469,17.595569,15.986075
2016,3,2016-09-30,Industrial,1,12,3.084962,3.789963,3.972946,5.060814
2016,4,2016-12-31,Industrial,1,12,0.866239,2.168516,0.906022,2.736370
2017,1,2017-03-31,Industrial,1,13,-0.131738,-0.491903,-0.676799,-1.039983
2017,2,2017-06-30,Industrial,1,13,7.657546,8.139285,10.243858,10.984547
2017,3,2017-09-30,Industrial,1,14,3.492615,4.142395,4.374398,4.969139
2017,4,2017-12-31,Industrial,1,14,0.791156,6.266304,0.853941,6.505225
2018,1,2018-03-31,Industrial,1,14,-3.466039,-4.224193,-5.456948,-6.867947
2018,2,2018-06-30,Industrial,1,16,9.747937,10.231843,13.210409,13.229656
2018,3,2018-09-30,Industrial,1,15,0.622815,3.353309,0.498177,3.468462
2018,4,2018-12-31,Industrial,1,15,-3.333377,-3.842123,-4.873610,-6.609819
2019,1,2019-03-31,Industrial,1,15,14.825272,17.110458,19.685344,23.357592
2019,2,2019-06-30,Industrial,1,15,5.274511,7.327711,6.443690,9.528665
2019,3,2019-09-30,Industrial,1,15,5.429499,3.370500,6.864255,4.510880
2019,4,2019-12-31,Industrial,1,14,1.684891,1.314128,2.033568,1.827024
2020,1,2020-03-31,Industrial,1,14,-8.941467,-9.235201,-12.088724,-14.461219
2020,2,2020-06-30,Industrial,1,14,8.083354,8.936366,11.082899,13.656798
2020,3,2020-09-30,Industrial,1,14,4.540301,5.636041,5.374453,6.439966
2020,4,2020-12-31,Industrial,1,14,7.763599,9.215548,9.416078,12.299635
2021,1,2021-03-31,Industrial,1,14,3.944920,3.866349,4.927722,5.272009
2021,2,2021-06-30,Industrial,1,14,7.905721,7.724043,9.776571,10.345416
2021,3,2021-09-30,Industrial,1,14,0.727105,2.546815,0.518493,3.077071
2021,4,2021-12-31,Industrial,1,14,23.272560,19.558116,28.387508,25.044174
2022,1,2022-03-31,Industrial,1,13,-8.715225,-8.070859,-10.443185,-10.204231
2022,2,2022-06-30,Industrial,1,14,-13.311626,-13.627925,-16.424195,-19.263609
2022,3,2022-09-30,Industrial,1,12,-7.558632,-7.216279,-11.237472,-14.903123
2022,4,2022-12-31,Industrial,1,12,6.910341,5.783912,9.011083,4.086098
2023,1,2023-03-31,Industrial,1,12,5.675531,3.848709,7.539732,4.504070
2023,2,2023-06-30,Industrial,1,12,-0.256709,1.441736,0.020971,5.169736
2023,3,2023-09-30,Industrial,1,12,-3.442003,-2.068208,-5.011598,-3.908111
2023,4,2023-12-31,Industrial,1,12,9.046713,9.056323,11.670840,15.993527
2024,1,2024-03-31,Industrial,1,12,-2.876367,-0.767788,-4.257547,-1.305668
2024,2,2024-06-30,Industrial,1,12,-3.984072,-2.576552,-5.572516,-5.877967
2024,3,2024-09-30,Industrial,1,12,10.671635,10.005111,14.141984,16.353747
2024,4,2024-12-31,Industrial,1,12,-13.906243,-12.503044,-18.474260,-19.340121
2025,1,2025-03-31,Industrial,1,12,4.003283,2.006808,4.879451,2.146429
2025,2,2025-06-30,Industrial,1,12,-4.604557,-2.215294,-6.411567,-1.523474
2025,3,2025-09-30,Industrial,1,12,3.150517,3.976657,3.907394,8.331424
2025,4,2025-12-31,Industrial,1,11,3.412742,2.868745,4.453107,3.421528
1993,1,1993-03-31,Manufactured Home,0,1,,,,
1993,2,1993-06-30,Manufactured Home,0,2,,,,
1993,3,1993-09-30,Manufactured Home,0,2,,,,
1993,4,1993-12-31,Manufactured Home,0,3,-4.674619,-3.607890,-6.724221,-5.380535
1994,1,1994-03-31,Manufactured Home,0,4,1.608814,3.295850,1.926948,4.002883
1994,2,1994-06-30,Manufactured Home,0,5,1.467915,2.726090,1.429921,3.157786
1994,3,1994-09-30,Manufactured Home,0,5,-1.860190,-2.101354,-3.293934,-3.717323
1994,4,1994-12-31,Manufactured Home,0,5,2.295714,2.391247,2.216644,2.230858
1995,1,1995-03-31,Manufactured Home,0,5,-5.912235,-2.055798,-9.801237,-4.484502
1995,2,1995-06-30,Manufactured Home,0,5,5.783189,6.313344,7.100533,8.024240
1995,3,1995-09-30,Manufactured Home,0,5,6.971195,7.771227,9.422698,10.310951
1995,4,1995-12-31,Manufactured Home,0,5,3.386894,3.238702,4.021299,3.880595
1996,1,1996-03-31,Manufactured Home,0,5,3.856061,7.638132,4.612580,9.533967
1996,2,1996-06-30,Manufactured Home,0,5,2.953417,0.177800,3.579999,-0.177837
1996,3,1996-09-30,Manufactured Home,0,5,4.180246,5.446156,5.434507,7.365296
1996,4,1996-12-31,Manufactured Home,0,4,13.018305,8.494471,18.473660,12.222764
1997,1,1997-03-31,Manufactured Home,0,4,-1.495424,1.206235,-2.834587,0.845124
1997,2,1997-06-30,Manufactured Home,0,5,6.170686,4.365158,8.149396,5.404091
1997,3,1997-09-30,Manufactured Home,0,5,7.458213,10.717758,9.437916,12.443770
1997,4,1997-12-31,Manufactured Home,0,5,3.568798,2.375153,4.456775,2.894665
1998,1,1998-03-31,Manufactured Home,0,5,-1.385652,-2.483229,-2.992983,-3.789283
1998,2,1998-06-30,Manufactured Home,0,6,-1.676779,-2.985980,-3.708056,-4.596840
1998,3,1998-09-30,Manufactured Home,0,6,1.185127,-1.825077,1.611123,-1.846792
1998,4,1998-12-31,Manufactured Home,0,6,3.176511,2.772435,3.588572,2.151498
1999,1,1999-03-31,Manufactured Home,0,6,-2.727350,-5.558044,-5.276997,-7.880221
1999,2,1999-06-30,Manufactured Home,0,6,7.395687,10.086423,11.293508,14.054749
1999,3,1999-09-30,Manufactured Home,0,6,-4.478275,-4.444043,-8.726133,-7.816621
1999,4,1999-12-31,Manufactured Home,0,6,1.179206,-1.887465,0.997497,-3.794336
2000,1,2000-03-31,Manufactured Home,0,6,-1.093124,-0.894077,-3.478438,-3.044133
2000,2,2000-06-30,Manufactured Home,0,5,7.635793,8.305234,12.286928,13.736164
2000,3,2000-09-30,Manufactured Home,0,5,0.369381,2.384785,-0.352627,2.763996
2000,4,2000-12-31,Manufactured Home,0,5,7.497398,4.482449,12.412469,6.643703
2001,1,2001-03-31,Manufactured Home,0,5,1.523067,7.394879,1.086756,12.183276
2001,2,2001-06-30,Manufactured Home,0,5,3.828791,1.450052,5.606122,1.911756
2001,3,2001-09-30,Manufactured Home,0,5,1.972844,2.922930,2.684708,4.484418
2001,4,2001-12-31,Manufactured Home,0,5,2.689459,3.427813,3.688771,4.681663
2002,1,2002-03-31,Manufactured Home,0,5,2.762532,3.084914,3.600214,4.404674
2002,2,2002-06-30,Manufactured Home,0,5,4.876788,5.162700,8.174619,8.820641
2002,3,2002-09-30,Manufactured Home,0,5,-4.127438,-2.418022,-9.526484,-6.248567
2002,4,2002-12-31,Manufactured Home,0,5,-1.537400,-0.273467,-5.380255,-2.648828
2003,1,2003-03-31,Manufactured Home,0,5,-0.411900,1.091715,-3.318152,0.006360
2003,2,2003-06-30,Manufactured Home,0,5,12.052549,10.740817,27.344669,23.247082
2003,3,2003-09-30,Manufactured Home,0,4,4.465666,4.060230,7.425367,6.771197
2003,4,2003-12-31,Manufactured Home,0,3,0.040618,1.623914,-1.343800,1.801365
2004,1,2004-03-31,Manufactured Home,0,3,7.756232,6.223534,15.040197,11.757338
2004,2,2004-06-30,Manufactured Home,0,4,-3.621390,-5.218151,-8.726819,-9.929749
2004,3,2004-09-30,Manufactured Home,0,4,2.555425,3.770233,3.544824,5.268440
2004,4,2004-12-31,Manufactured Home,0,4,4.140495,6.136603,7.349229,10.271198
2005,1,2005-03-31,Manufactured Home,0,4,-0.570626,0.630949,-3.810021,-0.934623
2005,2,2005-06-30,Manufactured Home,0,4,3.116197,0.942938,7.116820,2.387793
2005,3,2005-09-30,Manufactured Home,0,4,2.588703,3.341436,4.040438,4.891794
2005,4,2005-12-31,Manufactured Home,0,4,0.560108,0.862989,-0.989270,-0.127422
2006,1,2006-03-31,Manufactured Home,0,4,5.385242,4.654876,12.079341,10.273776
2006,2,2006-06-30,Manufactured Home,0,4,-2.758385,-1.976692,-8.982852,-6.578813
2006,3,2006-09-30,Manufactured Home,0,4,1.880095,1.549249,2.435768,1.398957
2006,4,2006-12-31,Manufactured Home,0,4,5.763952,4.415795,12.579855,9.169452
2007,1,2007-03-31,Manufactured Home,0,4,0.318906,-0.041889,-1.289914,-1.861271
2007,2,2007-06-30,Manufactured Home,0,4,-0.377660,-0.651804,-2.606098,-2.298783
2007,3,2007-09-30,Manufactured Home,0,4,0.659166,0.026702,-0.312483,-1.661308
2007,4,2007-12-31,Manufactured Home,0,4,-5.376507,-6.019977,-15.992894,-16.045541
2008,1,2008-03-31,Manufactured Home,0,4,2.591800,-0.043236,4.894621,0.009291
2008,2,2008-06-30,Manufactured Home,0,4,-2.982654,-2.788941,-9.641184,-8.692314
2008,3,2008-09-30,Manufactured Home,0,4,6.471088,1.391395,15.439527,4.521250
2008,4,2008-12-31,Manufactured Home,0,3,-9.605478,-6.885650,-26.254221,-21.568107
2009,1,2009-03-31,Manufactured Home,0,3,0.378867,-0.756904,-2.698359,-6.167344
2009,2,2009-06-30,Manufactured Home,0,3,2.078732,8.717829,5.078474,23.807372
2009,3,2009-09-30,Manufactured Home,0,3,7.907046,7.399230,23.532397,27.934617
2009,4,2009-12-31,Manufactured Home,0,3,6.856158,4.315809,12.623574,6.588509
2010,1,2010-03-31,Manufactured Home,0,3,4.897772,4.170286,11.406924,12.506966
2010,2,2010-06-30,Manufactured Home,0,3,-2.064942,4.136690,-4.998683,7.000283
2010,3,2010-09-30,Manufactured Home,0,3,7.238221,6.613181,15.046257,14.353164
2010,4,2010-12-31,Manufactured Home,0,3,2.695002,1.800647,4.680257,3.495043
2011,1,2011-03-31,Manufactured Home,0,3,2.928493,2.283223,4.897567,3.985428
2011,2,2011-06-30,Manufactured Home,0,3,5.016993,4.922879,8.291732,8.324028
2011,3,2011-09-30,Manufactured Home,0,3,0.468725,-1.961591,-0.927418,-5.517799
2011,4,2011-12-31,Manufactured Home,0,3,4.174686,3.631879,6.972357,6.249081
2012,1,2012-03-31,Manufactured Home,0,3,4.627991,7.152445,8.696806,14.524107
2012,2,2012-06-30,Manufactured Home,0,3,0.921889,1.070364,0.669677,0.900041
2012,3,2012-09-30,Manufactured Home,0,3,0.899208,3.113589,0.460775,4.629165
2012,4,2012-12-31,Manufactured Home,0,3,-0.850736,-2.539626,-2.987429,-6.496173
2013,1,2013-03-31,Manufactured Home,0,3,9.250479,7.311385,17.262584,13.773001
2013,2,2013-06-30,Manufactured Home,0,3,2.120216,1.895372,2.675829,2.278073
2013,3,2013-09-30,Manufactured Home,0,3,-6.322026,-4.317332,-12.267853,-9.056129
2013,4,2013-12-31,Manufactured Home,0,3,3.161608,1.772417,4.584498,1.649337
2014,1,2014-03-31,Manufactured Home,0,3,6.585111,5.128735,10.931148,8.739749
2014,2,2014-06-30,Manufactured Home,0,3,6.345036,5.304100,10.092366,8.617548
2014,3,2014-09-30,Manufactured Home,0,3,-0.267373,-0.021989,-1.304208,-1.440330
2014,4,2014-12-31,Manufactured Home,0,3,13.437439,9.802832,21.167077,15.276575
2015,1,2015-03-31,Manufactured Home,0,3,6.082545,5.517484,8.937076,8.731758
2015,2,2015-06-30,Manufactured Home,0,3,-2.490163,-1.624166,-4.710300,-3.644170
2015,3,2015-09-30,Manufactured Home,0,3,7.410180,4.868528,11.017234,6.488925
2015,4,2015-12-31,Manufactured Home,0,3,6.578479,5.631642,9.218981,9.151409
2016,1,2016-03-31,Manufactured Home,0,3,5.732676,4.029334,7.740089,5.048205
2016,2,2016-06-30,Manufactured Home,0,3,7.069608,6.736120,9.663540,11.375819
2016,3,2016-09-30,Manufactured Home,0,3,0.004557,1.387902,-0.126802,2.566989
2016,4,2016-12-31,Manufactured Home,0,3,-2.132292,2.352697,-3.077401,6.854665
2017,1,2017-03-31,Manufactured Home,0,3,4.891507,3.922183,6.532195,5.200424
2017,2,2017-06-30,Manufactured Home,0,3,8.384742,7.808741,11.486323,11.986559
2017,3,2017-09-30,Manufactured Home,0,3,-0.660676,-1.422144,-1.443219,-3.380897
2017,4,2017-12-31,Manufactured Home,0,3,5.158266,3.380179,6.682409,3.746981
2018,1,2018-03-31,Manufactured Home,0,3,-0.389697,-1.276241,-1.032203,-3.404247
2018,2,2018-06-30,Manufactured Home,0,3,5.185331,5.979338,6.870450,9.729475
2018,3,2018-09-30,Manufactured Home,0,3,3.982006,3.406734,4.959203,4.361051
2018,4,2018-12-31,Manufactured Home,0,3,0.733691,-2.584999,0.284204,-7.027525
2019,1,2019-03-31,Manufactured Home,0,3,13.704544,12.123028,17.850755,18.686826
2019,2,2019-06-30,Manufactured Home,0,3,5.980222,2.925977,7.267868,1.615348
2019,3,2019-09-30,Manufactured Home,0,3,11.017576,9.675891,13.603652,14.060720
2019,4,2019-12-31,Manufactured Home,0,3,3.257005,4.223615,3.831014,6.843069
2020,1,2020-03-31,Manufactured Home,0,3,-13.755986,-13.254580,-17.330911,-21.436869
2020,2,2020-06-30,Manufactured Home,0,3,7.432876,7.610531,9.533160,13.210846
2020,3,2020-09-30,Manufactured Home,0,3,1.527041,1.924189,1.755600,3.000384
2020,4,2020-12-31,Manufactured Home,0,3,5.460233,5.096378,6.632085,7.781211
2021,1,2021-03-31,Manufactured Home,0,3,0.481723,4.487118,0.676232,10.410188
2021,2,2021-06-30,Manufactured Home,0,3,12.566420,11.086866,15.797587,15.653031
2021,3,2021-09-30,Manufactured Home,0,3,6.055525,5.129849,7.241263,6.611453
2021,4,2021-12-31,Manufactured Home,0,3,11.145593,11.174568,13.621864,15.639585
2022,1,2022-03-31,Manufactured Home,0,3,-11.501417,-9.279262,-14.386042,-12.534183
2022,2,2022-06-30,Manufactured Home,0,3,-6.452549,-8.892232,-8.782861,-14.454409
2022,3,2022-09-30,Manufactured Home,0,3,-9.176715,-7.076831,-12.644902,-10.793705
2022,4,2022-12-31,Manufactured Home,0,3,3.869192,2.866974,5.002577,3.530880
2023,1,2023-03-31,Manufactured Home,0,3,1.252859,0.249166,1.120383,-1.097579
2023,2,2023-06-30,Manufactured Home,0,3,-2.112825,0.417036,-3.415804,1.010065
2023,3,2023-09-30,Manufactured Home,0,3,-4.351254,-4.444363,-6.777819,-7.923628
2023,4,2023-12-31,Manufactured Home,0,3,9.005554,8.047171,12.623717,11.980319
2024,1,2024-03-31,Manufactured Home,0,3,-3.373891,-1.114170,-4.830734,-1.192040
2024,2,2024-06-30,Manufactured Home,0,3,-1.132877,-0.404638,-2.354946,-1.337585
2024,3,2024-09-30,Manufactured Home,0,3,8.737508,10.272835,12.344586,15.914592
2024,4,2024-12-31,Manufactured Home,0,3,-4.836652,-3.771320,-7.085582,-5.743618
2025,1,2025-03-31,Manufactured Home,0,3,2.493581,1.829438,3.220641,2.187988
2025,2,2025-06-30,Manufactured Home,0,3,-1.391956,-2.805627,-1.938834,-4.438195
2025,3,2025-09-30,Manufactured Home,0,3,0.895799,-1.168254,0.738164,-2.741084
2025,4,2025-12-31,Manufactured Home,0,3,-0.696023,1.335069,-1.063764,2.107887
1993,1,1993-03-31,Multifamily,1,14,17.264125,16.138858,21.214639,24.823193
1993,2,1993-06-30,Multifamily,1,16,-2.677208,-1.844232,-3.653269,-3.181139
1993,3,1993-09-30,Multifamily,1,18,9.633241,9.017294,12.939232,16.552977
1993,4,1993-12-31,Multifamily,1,22,-3.442484,-1.804802,-4.920650,-3.704512
1994,1,1994-03-31,Multifamily,1,26,0.020032,1.125353,-0.247078,1.551158
1994,2,1994-06-30,Multifamily,1,34,0.525936,0.335319,-0.148629,-0.664354
1994,3,1994-09-30,Multifamily,1,36,-0.450383,-0.516340,-1.592508,-1.815009
1994,4,1994-12-31,Multifamily,1,40,2.174208,1.041055,2.114056,-0.122410
1995,1,1995-03-31,Multifamily,1,40,-1.787520,0.847697,-4.047725,0.806250
1995,2,1995-06-30,Multifamily,1,41,3.915594,3.904138,5.756063,5.741493
1995,3,1995-09-30,Multifamily,1,40,3.406465,2.733016,4.570959,3.379677
1995,4,1995-12-31,Multifamily,1,39,4.530397,3.845831,6.715120,5.726365
1996,1,1996-03-31,Multifamily,1,39,2.819203,3.996926,3.618499,5.913920
1996,2,1996-06-30,Multifamily,1,40,2.664556,2.411065,3.163264,2.687316
1996,3,1996-09-30,Multifamily,1,39,3.262146,3.833355,4.623691,5.708188
1996,4,1996-12-31,Multifamily,1,38,9.705978,8.262024,16.206421,14.128990
1997,1,1997-03-31,Multifamily,1,38,1.551017,2.157239,1.845862,3.742575
1997,2,1997-06-30,Multifamily,1,36,3.573706,3.765691,4.810186,4.988925
1997,3,1997-09-30,Multifamily,1,36,5.907380,5.981581,9.000103,11.099836
1997,4,1997-12-31,Multifamily,1,33,0.660475,0.712142,-0.394131,-0.937979
1998,1,1998-03-31,Multifamily,1,34,0.637854,1.066066,0.007964,0.894014
1998,2,1998-06-30,Multifamily,1,33,-1.067929,-0.589731,-3.465294,-2.637693
1998,3,1998-09-30,Multifamily,1,30,-2.517954,-0.816682,-6.794788,-3.910275
1998,4,1998-12-31,Multifamily,1,29,0.496157,0.662713,-1.893868,-2.570363
1999,1,1999-03-31,Multifamily,1,30,0.022466,0.251263,-1.451427,-1.933692
1999,2,1999-06-30,Multifamily,1,29,6.995476,6.944439,13.297171,13.459995
1999,3,1999-09-30,Multifamily,1,28,-1.579268,-0.343299,-4.649508,-3.296905
1999,4,1999-12-31,Multifamily,1,27,1.495327,-0.137132,1.209378,-1.402605
2000,1,2000-03-31,Multifamily,1,27,1.821194,2.042517,1.818174,2.746345
2000,2,2000-06-30,Multifamily,1,27,6.593363,5.680641,12.022684,9.710031
2000,3,2000-09-30,Multifamily,1,26,6.210521,5.322545,10.355503,9.204322
2000,4,2000-12-31,Multifamily,1,26,4.246061,2.453230,6.534559,1.764620
2001,1,2001-03-31,Multifamily,1,26,-0.837416,1.939378,-2.405756,2.997972
2001,2,2001-06-30,Multifamily,1,26,5.035064,5.428135,8.828662,9.189234
2001,3,2001-09-30,Multifamily,1,26,2.453277,2.152819,3.128197,1.372568
2001,4,2001-12-31,Multifamily,1,24,1.638300,3.191573,1.647470,4.129953
2002,1,2002-03-31,Multifamily,1,24,3.552071,3.871065,5.423116,5.626188
2002,2,2002-06-30,Multifamily,1,25,1.135300,2.479203,1.221297,7.839376
2002,3,2002-09-30,Multifamily,1,25,-4.457781,-3.038586,-9.830910,-8.098283
2002,4,2002-12-31,Multifamily,1,25,1.200781,1.339619,0.805938,1.330914
2003,1,2003-03-31,Multifamily,1,25,0.444816,1.161792,-0.840164,-0.598013
2003,2,2003-06-30,Multifamily,1,26,6.395373,6.411911,12.066911,13.436849
2003,3,2003-09-30,Multifamily,1,25,5.922074,4.114126,10.303280,6.898548
2003,4,2003-12-31,Multifamily,1,24,3.650160,3.756526,5.802022,7.065614
2004,1,2004-03-31,Multifamily,1,25,3.916912,3.113366,6.058811,6.436160
2004,2,2004-06-30,Multifamily,1,26,1.062277,0.180970,0.870109,-0.713087
2004,3,2004-09-30,Multifamily,1,26,4.179903,4.095244,6.545165,7.716926
2004,4,2004-12-31,Multifamily,1,24,10.062204,6.744319,16.688910,11.717856
2005,1,2005-03-31,Multifamily,1,23,-5.205367,-3.468292,-9.666155,-6.923801
2005,2,2005-06-30,Multifamily,1,24,9.571525,7.225570,16.215574,12.863345
2005,3,2005-09-30,Multifamily,1,23,2.884597,2.154947,3.640324,2.114020
2005,4,2005-12-31,Multifamily,1,21,2.929617,2.929266,3.852394,4.523637
2006,1,2006-03-31,Multifamily,1,20,12.251422,9.010712,20.057140,16.410268
2006,2,2006-06-30,Multifamily,1,20,1.189383,1.599636,1.063456,1.830782
2006,3,2006-09-30,Multifamily,1,19,6.481353,6.365415,9.590650,12.461462
2006,4,2006-12-31,Multifamily,1,18,3.103704,2.168340,3.970531,2.566914
2007,1,2007-03-31,Multifamily,1,18,-1.457942,-0.173093,-3.159887,-2.898612
2007,2,2007-06-30,Multifamily,1,18,-1.014049,-0.173577,-2.218554,0.035253
2007,3,2007-09-30,Multifamily,1,16,-2.065874,-3.133888,-4.364995,-6.530070
2007,4,2007-12-31,Multifamily,1,16,-9.447197,-7.881796,-17.144555,-21.352333
2008,1,2008-03-31,Multifamily,1,16,6.371358,5.532190,11.618520,13.130779
2008,2,2008-06-30,Multifamily,1,16,-3.186866,-2.661494,-6.798705,-10.031257
2008,3,2008-09-30,Multifamily,1,15,6.868149,4.498612,12.095026,8.988205
2008,4,2008-12-31,Multifamily,1,15,-17.541898,-15.986407,-32.929274,-32.960183
2009,1,2009-03-31,Multifamily,1,15,-12.048930,-9.326148,-29.188513,-26.987478
2009,2,2009-06-30,Multifamily,1,15,8.436614,7.831346,21.807512,25.147354
2009,3,2009-09-30,Multifamily,1,15,15.623519,14.321756,36.505444,37.153521
2009,4,2009-12-31,Multifamily,1,15,5.119050,3.769067,9.342751,7.987863
2010,1,2010-03-31,Multifamily,1,15,5.292400,5.455310,9.241806,10.229813
2010,2,2010-06-30,Multifamily,1,15,2.763947,1.005966,3.999155,1.062806
2010,3,2010-09-30,Multifamily,1,15,8.360648,7.605688,14.156689,13.328507
2010,4,2010-12-31,Multifamily,1,15,5.887766,5.937901,9.385268,9.920349
2011,1,2011-03-31,Multifamily,1,15,4.849921,3.505512,7.253161,5.404025
2011,2,2011-06-30,Multifamily,1,15,4.495593,3.248217,6.320094,4.361911
2011,3,2011-09-30,Multifamily,1,15,-7.160768,-5.983224,-11.766964,-10.720312
2011,4,2011-12-31,Multifamily,1,15,8.349379,6.669163,12.326745,10.116770
2012,1,2012-03-31,Multifamily,1,15,5.775140,4.996238,8.262277,7.470989
2012,2,2012-06-30,Multifamily,1,15,0.975707,0.875524,0.845925,0.453796
2012,3,2012-09-30,Multifamily,1,15,-2.522179,-1.245339,-4.253318,-2.474144
2012,4,2012-12-31,Multifamily,1,15,1.162823,1.820957,1.181252,2.274725
2013,1,2013-03-31,Multifamily,1,15,-0.028080,2.533491,0.013500,4.606836
2013,2,2013-06-30,Multifamily,1,16,3.336922,1.007251,4.328154,0.034354
2013,3,2013-09-30,Multifamily,1,15,-3.838294,-3.241246,-6.380573,-6.585839
2013,4,2013-12-31,Multifamily,1,16,-1.336145,0.145227,-2.480719,-0.514591
2014,1,2014-03-31,Multifamily,1,15,8.526971,6.360553,12.702833,10.538314
2014,2,2014-06-30,Multifamily,1,16,6.316711,4.650216,9.003052,6.471290
2014,3,2014-09-30,Multifamily,1,16,-1.431457,-1.556790,-2.800302,-3.520474
2014,4,2014-12-31,Multifamily,1,16,10.727471,7.362027,15.321879,10.572921
2015,1,2015-03-31,Multifamily,1,17,5.772283,3.042024,7.723737,4.105527
2015,2,2015-06-30,Multifamily,1,18,-4.176458,-1.511431,-6.080812,-3.487640
2015,3,2015-09-30,Multifamily,1,15,5.648452,3.284420,7.572892,4.422916
2015,4,2015-12-31,Multifamily,1,15,5.896859,4.035247,7.955916,5.371688
2016,1,2016-03-31,Multifamily,1,15,3.022894,2.665996,3.882777,3.779592
2016,2,2016-06-30,Multifamily,1,15,-1.628415,2.560675,-2.086229,6.704867
2016,3,2016-09-30,Multifamily,1,15,-0.748669,0.822237,-1.333333,1.904707
2016,4,2016-12-31,Multifamily,1,14,1.894136,3.160911,2.469339,5.649077
2017,1,2017-03-31,Multifamily,1,14,0.669407,-0.135482,0.402218,-1.398398
2017,2,2017-06-30,Multifamily,1,14,5.149719,3.497034,6.690849,4.652912
2017,3,2017-09-30,Multifamily,1,13,-0.529217,0.541116,-1.025129,1.662035
2017,4,2017-12-31,Multifamily,1,13,-0.869636,-0.005750,-1.585699,-0.038660
2018,1,2018-03-31,Multifamily,1,13,-3.562966,-3.814899,-5.388770,-8.021329
2018,2,2018-06-30,Multifamily,1,13,4.330249,5.540848,5.900578,9.757000
2018,3,2018-09-30,Multifamily,1,13,3.759040,3.355470,4.863488,5.719725
2018,4,2018-12-31,Multifamily,1,13,-1.452785,-2.673703,-2.440761,-5.613684
2019,1,2019-03-31,Multifamily,1,13,12.172118,10.606504,16.335707,18.015355
2019,2,2019-06-30,Multifamily,1,13,2.017678,2.300299,2.443557,3.742169
2019,3,2019-09-30,Multifamily,1,13,7.946309,6.711194,10.272645,10.134958
2019,4,2019-12-31,Multifamily,1,13,-2.302153,0.511174,-3.123363,0.969663
2020,1,2020-03-31,Multifamily,1,13,-18.699215,-16.693120,-25.087340,-29.964555
2020,2,2020-06-30,Multifamily,1,13,3.700969,6.102106,5.207488,14.886963
2020,3,2020-09-30,Multifamily,1,13,-4.143248,-1.365921,-6.273701,-2.507316
2020,4,2020-12-31,Multifamily,1,14,9.097617,7.748390,12.966081,15.712222
2021,1,2021-03-31,Multifamily,1,15,11.425170,7.569637,15.742966,10.990477
2021,2,2021-06-30,Multifamily,1,15,9.877528,8.089331,13.131711,12.397904
2021,3,2021-09-30,Multifamily,1,15,6.277155,6.289296,8.028323,10.170316
2021,4,2021-12-31,Multifamily,1,15,12.508962,12.630630,16.118124,23.499355
2022,1,2022-03-31,Multifamily,1,15,-2.055674,-1.177422,-2.693991,-2.071816
2022,2,2022-06-30,Multifamily,1,15,-15.307825,-12.045001,-19.776145,-17.904485
2022,3,2022-09-30,Multifamily,1,14,-5.706100,-5.951557,-7.979058,-9.611252
2022,4,2022-12-31,Multifamily,1,14,-5.165122,-2.046457,-7.174279,-2.233702
2023,1,2023-03-31,Multifamily,1,14,1.158074,0.738383,1.357975,0.480636
2023,2,2023-06-30,Multifamily,1,14,6.314736,4.619201,8.545305,7.186855
2023,3,2023-09-30,Multifamily,1,14,-8.246985,-7.585189,-11.674562,-12.881903
2023,4,2023-12-31,Multifamily,1,14,6.437843,5.298086,8.834242,8.158156
2024,1,2024-03-31,Multifamily,1,14,0.601208,0.060078,0.425629,-0.898897
2024,2,2024-06-30,Multifamily,1,13,8.438133,7.340968,11.329335,11.529307
2024,3,2024-09-30,Multifamily,1,13,8.164795,7.057997,10.691919,10.561621
2024,4,2024-12-31,Multifamily,1,13,-2.045174,-1.946377,-3.038592,-3.419625
2025,1,2025-03-31,Multifamily,1,13,3.268655,3.211823,4.104835,3.803593
2025,2,2025-06-30,Multifamily,1,13,-4.998893,-4.689686,-7.025462,-8.134096
2025,3,2025-09-30,Multifamily,1,13,-2.944689,-1.396531,-4.339267,-2.649757
2025,4,2025-12-31,Multifamily,1,13,-0.718365,0.990643,-1.238036,1.057193
1993,1,1993-03-31,Office,1,8,10.988027,22.001844,23.266307,33.496407
1993,2,1993-06-30,Office,1,10,0.120288,13.282343,-1.799510,11.160417
1993,3,1993-09-30,Office,1,10,9.212563,3.607824,11.586790,5.098199
1993,4,1993-12-31,Office,1,10,-4.293651,3.149710,-7.130502,1.890756
1994,1,1994-03-31,Office,1,12,3.332417,12.150569,2.526351,11.011082
1994,2,1994-06-30,Office,1,14,1.892215,3.965177,3.041711,5.948677
1994,3,1994-09-30,Office,1,17,1.677585,0.911566,0.502054,0.651231
1994,4,1994-12-31,Office,1,17,1.044493,0.360140,-0.212585,-2.081368
1995,1,1995-03-31,Office,1,17,4.008147,5.446327,5.156138,5.576186
1995,2,1995-06-30,Office,1,17,4.377996,5.097422,5.752589,6.420193
1995,3,1995-09-30,Office,1,18,5.098411,4.267163,7.812192,7.671165
1995,4,1995-12-31,Office,1,18,6.385271,4.573769,8.793887,6.205779
1996,1,1996-03-31,Office,1,17,3.579654,6.381028,4.245284,9.277514
1996,2,1996-06-30,Office,1,18,4.468814,3.896411,6.113398,5.746298
1996,3,1996-09-30,Office,1,17,6.912713,7.030611,9.371451,9.094384
1996,4,1996-12-31,Office,1,17,15.681468,13.630325,22.286140,20.216827
1997,1,1997-03-31,Office,1,20,3.566930,3.741109,3.963010,4.553083
1997,2,1997-06-30,Office,1,21,3.233349,3.891762,3.395609,4.910599
1997,3,1997-09-30,Office,1,26,13.480592,12.233096,19.015010,17.065911
1997,4,1997-12-31,Office,1,27,1.714551,3.895747,1.720323,5.256362
1998,1,1998-03-31,Office,1,29,-1.165223,0.403387,-2.474570,0.764797
1998,2,1998-06-30,Office,1,29,-3.046818,-2.234219,-5.843670,-5.697262
1998,3,1998-09-30,Office,1,29,-6.782903,-4.464168,-12.589275,-9.327402
1998,4,1998-12-31,Office,1,29,0.819086,0.668228,-0.280906,-1.670237
1999,1,1999-03-31,Office,1,30,-0.123960,-1.468723,-1.704945,-4.937355
1999,2,1999-06-30,Office,1,29,6.649291,8.100428,11.864639,16.186499
1999,3,1999-09-30,Office,1,28,-4.092048,-3.129583,-9.603987,-7.426211
1999,4,1999-12-31,Office,1,28,1.936660,1.697553,2.119365,1.538094
2000,1,2000-03-31,Office,1,27,3.720664,2.860184,5.425136,3.949129
2000,2,2000-06-30,Office,1,26,6.279943,6.766734,11.997820,13.145840
2000,3,2000-09-30,Office,1,26,7.259839,5.554007,12.664918,9.781665
2000,4,2000-12-31,Office,1,24,1.850166,2.458198,2.310509,2.700656
2001,1,2001-03-31,Office,1,24,-1.786777,0.230816,-5.049190,-1.101671
2001,2,2001-06-30,Office,1,25,6.373251,5.824508,11.218377,10.175648
2001,3,2001-09-30,Office,1,25,0.508361,0.836828,-0.807008,-0.992212
2001,4,2001-12-31,Office,1,24,0.721164,2.029573,-0.243640,2.380649
2002,1,2002-03-31,Office,1,24,3.826343,5.918188,5.871022,8.788521
2002,2,2002-06-30,Office,1,26,2.204167,1.663405,2.698055,2.364893
2002,3,2002-09-30,Office,1,26,-5.129329,-4.196294,-12.277316,-10.678658
2002,4,2002-12-31,Office,1,25,0.501829,1.744000,-1.116894,0.448525
2003,1,2003-03-31,Office,1,25,1.279275,1.384522,0.577869,0.589668
2003,2,2003-06-30,Office,1,26,7.180086,7.154800,14.610066,15.126383
2003,3,2003-09-30,Office,1,28,3.305334,3.420515,5.128458,5.788730
2003,4,2003-12-31,Office,1,27,6.560533,6.636032,11.600349,11.343346
2004,1,2004-03-31,Office,1,27,5.503074,5.460834,9.312628,9.720623
2004,2,2004-06-30,Office,1,29,-2.231284,-2.784271,-5.612071,-6.665788
2004,3,2004-09-30,Office,1,29,4.486364,4.520906,6.797481,6.738942
2004,4,2004-12-31,Office,1,28,8.737579,7.509440,14.684290,12.729204
2005,1,2005-03-31,Office,1,28,-1.921594,-2.523055,-4.437357,-5.941035
2005,2,2005-06-30,Office,1,29,7.830154,7.301406,13.235440,11.527839
2005,3,2005-09-30,Office,1,29,3.586538,2.398526,5.262657,4.003869
2005,4,2005-12-31,Office,1,29,0.916255,1.275131,-0.279769,0.215977
2006,1,2006-03-31,Office,1,28,11.070286,9.820103,18.127346,16.275508
2006,2,2006-06-30,Office,1,27,1.383026,-0.848910,1.409259,-2.088696
2006,3,2006-09-30,Office,1,25,6.170867,4.782024,9.669504,7.915791
2006,4,2006-12-31,Office,1,22,8.076256,17.637554,12.339834,20.505133
2007,1,2007-03-31,Office,1,21,0.568282,-2.045502,-0.280217,-3.144328
2007,2,2007-06-30,Office,1,20,-4.584156,-3.070975,-8.256237,-6.051833
2007,3,2007-09-30,Office,1,19,-0.210350,-2.678992,-2.116790,-6.204021
2007,4,2007-12-31,Office,1,19,-6.679051,-5.804668,-13.023223,-11.726630
2008,1,2008-03-31,Office,1,18,-0.558221,0.637284,-3.337774,-2.896219
2008,2,2008-06-30,Office,1,18,0.915167,0.601001,0.831514,-0.155211
2008,3,2008-09-30,Office,1,18,2.693177,3.078439,3.365003,2.791183
2008,4,2008-12-31,Office,1,18,-18.864849,-13.953070,-38.618769,-38.776797
2009,1,2009-03-31,Office,1,18,-14.571859,-9.817809,-37.547372,-32.256613
2009,2,2009-06-30,Office,1,18,10.172978,7.754669,32.953044,35.125739
2009,3,2009-09-30,Office,1,19,17.153181,12.291724,43.264401,41.989808
2009,4,2009-12-31,Office,1,19,4.330662,3.817196,7.601366,4.620594
2010,1,2010-03-31,Office,1,20,6.015619,4.800841,10.627322,13.573102
2010,2,2010-06-30,Office,1,20,-2.365353,-2.720488,-5.682504,-7.297951
2010,3,2010-09-30,Office,1,20,7.922939,5.366508,13.845021,9.479400
2010,4,2010-12-31,Office,1,21,2.165149,2.961163,2.569797,3.969693
2011,1,2011-03-31,Office,1,21,4.213692,2.494157,6.772444,2.971911
2011,2,2011-06-30,Office,1,21,3.907452,2.053591,5.554606,1.993201
2011,3,2011-09-30,Office,1,21,-10.746698,-9.122606,-19.749629,-23.742260
2011,4,2011-12-31,Office,1,21,5.322160,4.369959,8.692568,5.329612
2012,1,2012-03-31,Office,1,21,6.031332,5.605822,10.685569,11.897472
2012,2,2012-06-30,Office,1,21,1.715495,1.558789,2.176830,-0.628313
2012,3,2012-09-30,Office,1,20,0.646579,1.645266,0.050189,4.942533
2012,4,2012-12-31,Office,1,19,0.648674,2.483004,0.380062,3.186345
2013,1,2013-03-31,Office,1,19,4.229726,7.276998,7.599851,13.713245
2013,2,2013-06-30,Office,1,19,0.093624,-1.304282,-0.622713,-2.462420
2013,3,2013-09-30,Office,1,18,0.177711,-0.638439,-0.569635,-2.009724
2013,4,2013-12-31,Office,1,18,1.570609,1.781160,2.056379,2.520797
2014,1,2014-03-31,Office,1,20,7.053870,5.815874,11.554426,9.531655
2014,2,2014-06-30,Office,1,20,4.459408,4.328781,6.775226,6.633110
2014,3,2014-09-30,Office,1,22,-2.705265,-2.991433,-5.218543,-5.675354
2014,4,2014-12-31,Office,1,22,8.557241,6.311304,13.976910,10.417452
2015,1,2015-03-31,Office,1,23,4.356441,2.973476,6.361009,4.205101
2015,2,2015-06-30,Office,1,24,-7.185874,-5.336097,-11.844541,-9.435645
2015,3,2015-09-30,Office,1,25,-0.732224,-0.856010,-1.865901,-2.463435
2015,4,2015-12-31,Office,1,24,4.583946,3.710969,7.126235,5.883402
2016,1,2016-03-31,Office,1,25,-0.469097,0.829357,-1.608060,0.430620
2016,2,2016-06-30,Office,1,25,4.878165,4.810500,7.820779,8.112615
2016,3,2016-09-30,Office,1,24,2.245373,2.042644,3.079316,3.240152
2016,4,2016-12-31,Office,1,24,0.896930,2.515942,1.016777,4.106955
2017,1,2017-03-31,Office,1,25,0.940178,0.495172,0.946677,0.049714
2017,2,2017-06-30,Office,1,25,0.310759,1.698143,-0.110876,2.367155
2017,3,2017-09-30,Office,1,23,0.232811,0.400937,-0.102916,0.207801
2017,4,2017-12-31,Office,1,23,2.480990,1.533889,3.230173,1.735334
2018,1,2018-03-31,Office,1,23,-4.410888,-4.483643,-7.608930,-8.291855
2018,2,2018-06-30,Office,1,23,4.791476,5.845138,7.317763,9.650484
2018,3,2018-09-30,Office,1,23,-1.161959,-1.336950,-2.366078,-3.008216
2018,4,2018-12-31,Office,1,22,-7.129103,-7.747551,-12.099197,-14.053205
2019,1,2019-03-31,Office,1,22,11.910582,11.479944,18.659062,18.851859
2019,2,2019-06-30,Office,1,21,-1.791702,-1.522642,-3.395417,-2.890126
2019,3,2019-09-30,Office,1,20,3.509934,4.444346,4.960575,7.470044
2019,4,2019-12-31,Office,1,20,4.793548,4.108121,7.073799,5.986856
2020,1,2020-03-31,Office,1,20,-17.690176,-16.290089,-28.883083,-28.112462
2020,2,2020-06-30,Office,1,20,3.340124,1.916747,4.792254,3.186433
2020,3,2020-09-30,Office,1,20,-3.832510,-4.689735,-7.790544,-10.783272
2020,4,2020-12-31,Office,1,20,8.682221,8.908829,15.959113,19.624616
2021,1,2021-03-31,Office,1,20,3.052328,5.369655,6.450085,11.129615
2021,2,2021-06-30,Office,1,20,5.294472,3.751594,8.441767,6.560219
2021,3,2021-09-30,Office,1,20,-0.368978,-0.432994,-1.831867,-1.674089
2021,4,2021-12-31,Office,1,19,5.565174,3.523550,7.637982,5.388553
2022,1,2022-03-31,Office,1,20,0.944539,1.970651,2.665375,4.031013
2022,2,2022-06-30,Office,1,20,-17.159294,-13.691047,-28.578353,-26.210687
2022,3,2022-09-30,Office,1,20,-6.036355,-7.647631,-12.627421,-17.599946
2022,4,2022-12-31,Office,1,20,0.471252,-0.133878,-1.370249,-3.030246
2023,1,2023-03-31,Office,1,20,-7.011103,-5.700590,-15.241910,-16.792825
2023,2,2023-06-30,Office,1,20,-0.680413,0.809857,-0.300217,-0.291928
2023,3,2023-09-30,Office,1,20,-1.906846,-0.528367,-1.627836,-0.014678
2023,4,2023-12-31,Office,1,20,10.759795,8.361116,22.819773,26.167288
2024,1,2024-03-31,Office,1,21,0.555289,-0.585556,-0.582778,-6.445215
2024,2,2024-06-30,Office,1,21,-2.037579,-0.278625,-4.956796,-3.404645
2024,3,2024-09-30,Office,1,21,8.575215,8.691290,19.953477,20.797386
2024,4,2024-12-31,Office,1,21,-1.792387,0.720093,-4.476322,-4.636153
2025,1,2025-03-31,Office,1,21,-3.571477,-3.546493,-8.992358,-13.052658
2025,2,2025-06-30,Office,1,20,-1.185244,1.132402,-2.546176,-0.584993
2025,3,2025-09-30,Office,1,20,4.367758,3.456082,8.871757,9.703428
2025,4,2025-12-31,Office,1,18,-8.483005,-5.673886,-19.696023,-21.775149
1993,1,1993-03-31,Other Retail,1,1,,,,
1993,2,1993-06-30,Other Retail,1,1,,,,
1993,3,1993-09-30,Other Retail,1,3,6.559775,6.019245,7.527071,6.815030
1993,4,1993-12-31,Other Retail,1,3,-4.413096,-2.170785,-5.788545,-2.966848
1994,1,1994-03-31,Other Retail,1,6,7.456306,7.508522,8.673203,8.942711
1994,2,1994-06-30,Other Retail,1,8,-2.493685,-1.612321,-4.401570,-3.135421
1994,3,1994-09-30,Other Retail,1,9,-2.473178,-2.326010,-3.879859,-4.504885
1994,4,1994-12-31,Other Retail,1,9,1.247272,0.563256,-0.458518,-3.287814
1995,1,1995-03-31,Other Retail,1,10,-0.973987,-0.385454,-2.779374,-2.072258
1995,2,1995-06-30,Other Retail,1,9,8.530003,6.791696,10.005516,8.103305
1995,3,1995-09-30,Other Retail,1,9,4.610371,4.115497,5.413738,4.845346
1995,4,1995-12-31,Other Retail,1,9,2.105137,1.166951,1.483667,-0.106970
1996,1,1996-03-31,Other Retail,1,9,-0.612602,1.698342,-1.099109,2.890957
1996,2,1996-06-30,Other Retail,1,9,3.971878,3.718405,4.756522,4.442463
1996,3,1996-09-30,Other Retail,1,9,4.169643,3.757413,5.100033,5.487884
1996,4,1996-12-31,Other Retail,1,9,8.349941,8.482584,11.507100,12.839401
1997,1,1997-03-31,Other Retail,1,9,-2.132423,-1.462451,-5.545459,-4.317028
1997,2,1997-06-30,Other Retail,1,10,7.093398,6.086384,9.124331,8.284541
1997,3,1997-09-30,Other Retail,1,10,6.010272,6.094482,8.478209,9.243415
1997,4,1997-12-31,Other Retail,1,10,0.624432,1.353081,-0.552217,0.339438
1998,1,1998-03-31,Other Retail,1,11,4.297232,3.763277,5.959635,5.358393
1998,2,1998-06-30,Other Retail,1,10,-3.224286,-2.985208,-4.396640,-4.239342
1998,3,1998-09-30,Other Retail,1,11,-3.295220,-3.779360,-7.112900,-12.406828
1998,4,1998-12-31,Other Retail,1,11,2.225498,2.627466,1.242286,6.252838
1999,1,1999-03-31,Other Retail,1,11,-6.072577,-4.197257,-12.167682,-8.564126
1999,2,1999-06-30,Other Retail,1,11,9.265731,8.003828,16.672457,13.282526
1999,3,1999-09-30,Other Retail,1,11,-3.266975,-3.153801,-8.668636,-8.454004
1999,4,1999-12-31,Other Retail,1,11,-4.051933,-3.167487,-11.338770,-10.843301
2000,1,2000-03-31,Other Retail,1,11,-2.761190,-0.566203,-11.662767,-5.559566
2000,2,2000-06-30,Other Retail,1,12,6.878071,5.731114,10.612344,5.862085
2000,3,2000-09-30,Other Retail,1,12,2.189215,2.158997,1.544793,-0.584655
2000,4,2000-12-31,Other Retail,1,12,4.370612,3.792836,6.853723,6.297710
2001,1,2001-03-31,Other Retail,1,12,6.162361,5.168593,11.111852,7.649692
2001,2,2001-06-30,Other Retail,1,12,9.718320,8.585331,18.333964,13.271570
2001,3,2001-09-30,Other Retail,1,12,0.157773,1.043272,-2.832471,-2.770517
2001,4,2001-12-31,Other Retail,1,10,4.697822,3.944299,7.834995,3.551082
2002,1,2002-03-31,Other Retail,1,10,6.769368,5.049325,10.951181,7.573224
2002,2,2002-06-30,Other Retail,1,10,9.370523,7.231131,14.243513,10.275956
2002,3,2002-09-30,Other Retail,1,10,-0.051900,0.171310,-0.958855,4.415713
2002,4,2002-12-31,Other Retail,1,9,1.422863,1.620885,0.972637,1.997762
2003,1,2003-03-31,Other Retail,1,9,4.224600,3.473355,6.333308,4.608749
2003,2,2003-06-30,Other Retail,1,9,7.846445,8.362247,12.089977,16.176530
2003,3,2003-09-30,Other Retail,1,9,7.258681,5.584550,10.833551,9.445116
2003,4,2003-12-31,Other Retail,1,8,6.492661,6.672727,9.308490,9.583023
2004,1,2004-03-31,Other Retail,1,8,8.700448,7.977369,12.966381,12.208415
2004,2,2004-06-30,Other Retail,1,8,-2.720989,-5.579264,-5.589838,-10.079390
2004,3,2004-09-30,Other Retail,1,7,6.544129,7.005092,9.665458,10.814108
2004,4,2004-12-31,Other Retail,1,6,10.025588,10.100924,14.561416,14.645978
2005,1,2005-03-31,Other Retail,1,6,-5.693610,-6.693868,-8.871439,-10.210412
2005,2,2005-06-30,Other Retail,1,6,9.559123,10.207576,14.151997,14.769252
2005,3,2005-09-30,Other Retail,1,6,0.866577,0.928030,0.539573,0.628528
2005,4,2005-12-31,Other Retail,1,5,-1.644956,-0.349811,-2.585135,-0.592005
2006,1,2006-03-31,Other Retail,1,5,10.279123,10.602268,15.384516,15.161706
2006,2,2006-06-30,Other Retail,1,5,-3.964792,-1.764136,-7.003831,-3.873741
2006,3,2006-09-30,Other Retail,1,5,7.429815,5.468493,10.630170,7.695322
2006,4,2006-12-31,Other Retail,1,5,7.686741,6.835824,10.620730,9.096425
2007,1,2007-03-31,Other Retail,1,5,2.209335,1.299098,3.045462,1.926338
2007,2,2007-06-30,Other Retail,1,5,-5.177996,-5.040601,-8.241568,-7.645077
2007,3,2007-09-30,Other Retail,1,5,7.627953,6.075252,11.017719,8.543933
2007,4,2007-12-31,Other Retail,1,5,-1.173900,-1.242330,-2.788615,-2.688494
2008,1,2008-03-31,Other Retail,1,5,-4.082823,-7.525813,-6.200507,-10.068345
2008,2,2008-06-30,Other Retail,1,5,-3.899872,-5.335436,-7.395677,-8.789336
2008,3,2008-09-30,Other Retail,1,5,12.657678,19.217550,20.134556,28.704076
2008,4,2008-12-31,Other Retail,1,5,-8.321889,-10.524153,-14.486122,-16.983213
2009,1,2009-03-31,Other Retail,1,5,-7.366259,-6.902380,-13.414820,-12.038869
2009,2,2009-06-30,Other Retail,1,5,7.809900,7.552757,13.166747,12.498677
2009,3,2009-09-30,Other Retail,1,5,13.608138,15.942344,21.638179,24.352795
2009,4,2009-12-31,Other Retail,1,5,2.098408,1.793383,2.425991,2.109791
2010,1,2010-03-31,Other Retail,1,5,9.007781,6.035983,13.351273,8.649557
2010,2,2010-06-30,Other Retail,1,5,-0.793303,-0.411820,-1.887804,-1.134878
2010,3,2010-09-30,Other Retail,1,5,10.976954,12.018436,15.420658,15.779849
2010,4,2010-12-31,Other Retail,1,5,5.516044,7.339548,6.717650,8.657096
2011,1,2011-03-31,Other Retail,1,5,-0.579663,-5.204713,-0.623511,-6.238737
2011,2,2011-06-30,Other Retail,1,5,0.066664,1.939612,-0.846161,1.712019
2011,3,2011-09-30,Other Retail,1,5,-2.093733,-5.834382,-2.782406,-7.163213
2011,4,2011-12-31,Other Retail,1,6,5.482918,3.642786,7.430776,4.418012
2012,1,2012-03-31,Other Retail,1,6,5.417599,4.584779,7.392900,5.978308
2012,2,2012-06-30,Other Retail,1,7,6.032217,5.398580,7.980331,6.904300
2012,3,2012-09-30,Other Retail,1,7,3.502742,5.839799,4.368322,7.567977
2012,4,2012-12-31,Other Retail,1,6,2.935764,3.602089,3.266057,4.231096
2013,1,2013-03-31,Other Retail,1,6,9.188455,9.431635,12.973663,12.929913
2013,2,2013-06-30,Other Retail,1,6,-2.692455,-0.874290,-4.201483,-1.532690
2013,3,2013-09-30,Other Retail,1,8,-1.348616,-1.299650,-2.960941,-2.924802
2013,4,2013-12-31,Other Retail,1,7,-0.131963,-0.060059,-0.409111,-0.023689
2014,1,2014-03-31,Other Retail,1,7,7.354307,6.566192,11.636804,10.124755
2014,2,2014-06-30,Other Retail,1,7,1.919969,2.363132,1.687314,2.753265
2014,3,2014-09-30,Other Retail,1,7,-2.387216,-3.631712,-4.484250,-5.783899
2014,4,2014-12-31,Other Retail,1,7,3.349601,6.566183,2.391980,8.365468
2015,1,2015-03-31,Other Retail,1,7,3.906696,3.033283,6.043476,4.384078
2015,2,2015-06-30,Other Retail,1,7,-8.078885,-7.656324,-14.488183,-12.967871
2015,3,2015-09-30,Other Retail,1,7,2.488585,1.857734,2.665400,1.822717
2015,4,2015-12-31,Other Retail,1,7,5.555669,6.077742,8.448334,9.332773
2016,1,2016-03-31,Other Retail,1,8,11.628485,10.831646,17.413937,16.128334
2016,2,2016-06-30,Other Retail,1,8,9.202667,10.259568,13.613109,14.969658
2016,3,2016-09-30,Other Retail,1,8,0.459836,2.387420,0.529155,3.077241
2016,4,2016-12-31,Other Retail,1,8,-8.544375,-5.322631,-13.107496,-8.451185
2017,1,2017-03-31,Other Retail,1,8,1.344706,1.547475,1.286755,1.467837
2017,2,2017-06-30,Other Retail,1,8,-5.026810,-3.815959,-8.418876,-6.880896
2017,3,2017-09-30,Other Retail,1,8,3.947400,4.581325,5.711087,6.602072
2017,4,2017-12-31,Other Retail,1,8,1.252850,1.944659,1.252388,2.474230
2018,1,2018-03-31,Other Retail,1,8,-5.099210,-5.140260,-8.506993,-8.595320
2018,2,2018-06-30,Other Retail,1,8,5.907114,7.005438,9.191629,10.780045
2018,3,2018-09-30,Other Retail,1,10,3.007841,2.551250,3.817236,4.165633
2018,4,2018-12-31,Other Retail,1,11,4.142155,0.941700,4.775030,-1.782468
2019,1,2019-03-31,Other Retail,1,11,11.048673,8.762751,15.670234,12.436098
2019,2,2019-06-30,Other Retail,1,11,-1.478947,-0.613737,-1.911008,1.187127
2019,3,2019-09-30,Other Retail,1,11,7.821765,6.797636,10.894259,10.336770
2019,4,2019-12-31,Other Retail,1,11,-1.285768,0.322515,-2.253909,-0.257076
2020,1,2020-03-31,Other Retail,1,11,-25.023890,-25.422161,-36.810519,-38.988180
2020,2,2020-06-30,Other Retail,1,11,13.132833,13.337320,22.143917,26.927244
2020,3,2020-09-30,Other Retail,1,11,1.516999,0.515696,1.434120,-1.493899
2020,4,2020-12-31,Other Retail,1,12,6.974219,8.367137,11.260313,16.607554
2021,1,2021-03-31,Other Retail,1,12,3.460775,5.013059,5.446810,11.180599
2021,2,2021-06-30,Other Retail,1,12,6.896545,7.952852,9.990685,11.453914
2021,3,2021-09-30,Other Retail,1,12,-1.497068,-1.405833,-2.617065,-2.855766
2021,4,2021-12-31,Other Retail,1,11,8.717797,6.515128,12.122776,10.351431
2022,1,2022-03-31,Other Retail,1,11,-2.511947,-3.746941,-3.961679,-6.506921
2022,2,2022-06-30,Other Retail,1,11,-1.605234,-3.705903,-2.846497,-6.446077
2022,3,2022-09-30,Other Retail,1,11,-7.044514,-3.310624,-10.420611,-6.651800
2022,4,2022-12-31,Other Retail,1,11,8.085701,9.130434,11.868914,14.886156
2023,1,2023-03-31,Other Retail,1,11,1.021553,1.774614,1.204567,2.559756
2023,2,2023-06-30,Other Retail,1,11,-1.831283,-0.260326,-2.926730,-0.011222
2023,3,2023-09-30,Other Retail,1,10,-9.143579,-6.584332,-13.967749,-10.017974
2023,4,2023-12-31,Other Retail,1,9,11.478616,10.491432,17.471739,15.912715
2024,1,2024-03-31,Other Retail,1,9,-1.557629,-0.169080,-2.864993,-1.068420
2024,2,2024-06-30,Other Retail,1,9,0.271663,0.412427,-0.173980,0.103124
2024,3,2024-09-30,Other Retail,1,9,14.020123,12.546208,21.010516,19.076443
2024,4,2024-12-31,Other Retail,1,10,-7.543958,-3.792201,-11.622065,-6.429144
2025,1,2025-03-31,Other Retail,1,10,6.040906,4.683046,8.639829,6.391647
2025,2,2025-06-30,Other Retail,1,10,-0.185971,-1.835387,-0.631506,-3.291042
2025,3,2025-09-30,Other Retail,1,10,2.842598,0.727656,3.937398,0.654985
2025,4,2025-12-31,Other Retail,1,10,-1.975365,0.926831,-3.579461,1.520532
1993,1,1993-03-31,Regional Mall,1,2,,,,
1993,2,1993-06-30,Regional Mall,1,3,-3.809944,-3.151086,-4.260249,-1.970819
1993,3,1993-09-30,Regional Mall,1,4,-2.598663,-0.390084,-4.018502,-0.930961
1993,4,1993-12-31,Regional Mall,1,5,-6.210466,-4.490922,-9.084973,-8.999312
1994,1,1994-03-31,Regional Mall,1,6,2.341185,1.183579,4.108580,1.044172
1994,2,1994-06-30,Regional Mall,1,11,2.827410,2.241816,3.895224,2.145556
1994,3,1994-09-30,Regional Mall,1,13,0.327228,0.983651,-0.908344,0.448428
1994,4,1994-12-31,Regional Mall,1,13,0.461457,-0.513125,-0.368972,-2.689375
1995,1,1995-03-31,Regional Mall,1,13,0.560594,1.169138,-1.167047,0.173809
1995,2,1995-06-30,Regional Mall,1,13,2.526574,1.924750,3.729515,1.302259
1995,3,1995-09-30,Regional Mall,1,13,1.569368,1.696931,0.106215,0.784192
1995,4,1995-12-31,Regional Mall,1,13,0.644217,0.478268,-1.596352,-3.010309
1996,1,1996-03-31,Regional Mall,1,13,2.117688,2.051457,3.577848,2.559763
1996,2,1996-06-30,Regional Mall,1,12,4.882398,4.622240,7.139570,8.057136
1996,3,1996-09-30,Regional Mall,1,12,4.145552,4.556821,7.277261,7.659909
1996,4,1996-12-31,Regional Mall,1,12,11.303480,9.012416,21.618718,14.789707
1997,1,1997-03-31,Regional Mall,1,12,1.184802,1.235086,0.541167,1.322989
1997,2,1997-06-30,Regional Mall,1,13,3.746595,4.020180,6.134519,6.208458
1997,3,1997-09-30,Regional Mall,1,12,2.819981,3.144157,4.901238,5.673690
1997,4,1997-12-31,Regional Mall,1,11,2.135228,2.058461,2.288074,0.565797
1998,1,1998-03-31,Regional Mall,1,12,1.974413,2.008294,2.460676,3.252709
1998,2,1998-06-30,Regional Mall,1,12,0.569832,0.341153,-1.274637,-2.009514
1998,3,1998-09-30,Regional Mall,1,11,-1.637610,-1.153672,-6.402205,-5.075700
1998,4,1998-12-31,Regional Mall,1,11,0.653731,0.054074,-1.120120,-2.704543
1999,1,1999-03-31,Regional Mall,1,11,-1.612248,-1.722586,-7.800188,-8.346075
1999,2,1999-06-30,Regional Mall,1,11,2.824491,5.135004,5.613424,12.640788
1999,3,1999-09-30,Regional Mall,1,11,-2.288840,-2.410176,-9.941413,-10.140505
1999,4,1999-12-31,Regional Mall,1,11,0.230306,-0.846711,-2.840027,-6.395798
2000,1,2000-03-31,Regional Mall,1,11,2.818477,3.372598,5.153054,6.648703
2000,2,2000-06-30,Regional Mall,1,11,2.684420,3.456897,5.004896,7.634679
2000,3,2000-09-30,Regional Mall,1,10,2.710783,2.714178,4.987945,5.472147
2000,4,2000-12-31,Regional Mall,1,10,2.311237,1.101208,3.163570,-1.479180
2001,1,2001-03-31,Regional Mall,1,10,3.668729,5.510401,8.536559,16.060807
2001,2,2001-06-30,Regional Mall,1,10,6.846322,7.429002,17.643204,19.866390
2001,3,2001-09-30,Regional Mall,1,10,-2.514712,-2.490913,-10.002071,-10.098631
2001,4,2001-12-31,Regional Mall,1,10,6.231134,6.819060,15.640680,17.298218
2002,1,2002-03-31,Regional Mall,1,10,5.272932,5.060016,11.695887,11.626748
2002,2,2002-06-30,Regional Mall,1,9,5.662702,4.308200,11.587114,7.757457
2002,3,2002-09-30,Regional Mall,1,9,0.682409,0.669230,-0.718201,-0.687272
2002,4,2002-12-31,Regional Mall,1,9,0.921440,1.695088,0.186270,2.282087
2003,1,2003-03-31,Regional Mall,1,9,3.750033,4.065551,7.418016,8.311162
2003,2,2003-06-30,Regional Mall,1,9,5.802249,5.682910,12.463276,12.538951
2003,3,2003-09-30,Regional Mall,1,9,6.039098,5.128313,12.344261,10.519820
2003,4,2003-12-31,Regional Mall,1,7,6.367160,6.493331,12.506720,12.658701
2004,1,2004-03-31,Regional Mall,1,7,11.801835,10.222154,23.585380,20.697257
2004,2,2004-06-30,Regional Mall,1,8,-5.271199,-4.652138,-11.524514,-11.172827
2004,3,2004-09-30,Regional Mall,1,8,7.304438,7.598810,13.516535,14.870012
2004,4,2004-12-31,Regional Mall,1,7,10.490329,9.328131,19.957751,18.361917
2005,1,2005-03-31,Regional Mall,1,7,-2.561250,-3.240962,-7.479875,-9.159057
2005,2,2005-06-30,Regional Mall,1,7,9.422927,9.377948,21.329356,21.205307
2005,3,2005-09-30,Regional Mall,1,7,1.481115,-0.733092,2.002797,-3.363320
2005,4,2005-12-31,Regional Mall,1,6,2.646825,1.914769,4.328043,2.709835
2006,1,2006-03-31,Regional Mall,1,6,5.409157,6.770671,10.027795,14.304999
2006,2,2006-06-30,Regional Mall,1,6,-0.665647,-1.324898,-3.407397,-5.072185
2006,3,2006-09-30,Regional Mall,1,6,5.069241,4.251108,8.827208,7.465327
2006,4,2006-12-31,Regional Mall,1,6,6.597695,5.221889,11.694626,9.423211
2007,1,2007-03-31,Regional Mall,1,6,7.417749,6.442066,14.214589,12.433270
2007,2,2007-06-30,Regional Mall,1,6,-7.040819,-4.533665,-14.692929,-10.253496
2007,3,2007-09-30,Regional Mall,1,6,3.721922,2.156107,5.663981,2.355128
2007,4,2007-12-31,Regional Mall,1,6,-6.912698,-7.822500,-16.574986,-20.328888
2008,1,2008-03-31,Regional Mall,1,6,2.448600,0.330558,2.315962,-3.489267
2008,2,2008-06-30,Regional Mall,1,6,-1.322255,-1.345232,-4.863499,-5.482262
2008,3,2008-09-30,Regional Mall,1,6,-0.394113,-1.276259,-8.765351,-9.926795
2008,4,2008-12-31,Regional Mall,1,6,-22.478160,-18.424787,-54.295669,-63.372304
2009,1,2009-03-31,Regional Mall,1,6,-11.729466,-6.191614,-36.480951,-44.633640
2009,2,2009-06-30,Regional Mall,1,6,16.898249,9.643875,57.616590,84.854943
2009,3,2009-09-30,Regional Mall,1,5,16.273185,10.674635,39.600454,46.735910
2009,4,2009-12-31,Regional Mall,1,5,7.940594,3.713933,14.761478,5.438294
2010,1,2010-03-31,Regional Mall,1,6,4.067840,4.776850,8.188642,30.487494
2010,2,2010-06-30,Regional Mall,1,6,-1.084615,0.245185,-4.828206,-1.355409
2010,3,2010-09-30,Regional Mall,1,6,8.740289,5.927831,15.757482,12.061383
2010,4,2010-12-31,Regional Mall,1,6,5.985135,7.212039,11.836026,20.527702
2011,1,2011-03-31,Regional Mall,1,6,4.125637,3.428031,5.816625,5.297128
2011,2,2011-06-30,Regional Mall,1,6,5.884228,5.054089,9.074746,8.832141
2011,3,2011-09-30,Regional Mall,1,6,-6.562438,-9.361138,-13.515762,-23.355365
2011,4,2011-12-31,Regional Mall,1,6,11.941429,11.205219,20.757763,26.230475
2012,1,2012-03-31,Regional Mall,1,6,9.292447,9.105827,14.993182,20.588681
2012,2,2012-06-30,Regional Mall,1,7,4.606666,2.805094,6.660878,3.529242
2012,3,2012-09-30,Regional Mall,1,7,0.584977,1.845893,0.679209,3.163008
2012,4,2012-12-31,Regional Mall,1,7,3.229726,3.849098,4.413049,7.247511
2013,1,2013-03-31,Regional Mall,1,7,1.638001,3.003546,1.980449,5.120813
2013,2,2013-06-30,Regional Mall,1,7,0.210530,0.226385,-0.395404,-0.562465
2013,3,2013-09-30,Regional Mall,1,7,-2.760742,-1.766637,-4.980989,-4.046171
2013,4,2013-12-31,Regional Mall,1,7,2.695387,2.058018,3.625993,2.610953
2014,1,2014-03-31,Regional Mall,1,7,5.571050,2.532322,8.212184,2.765749
2014,2,2014-06-30,Regional Mall,1,7,5.622774,4.284506,8.154000,6.710401
2014,3,2014-09-30,Regional Mall,1,8,0.113816,1.174324,-0.255378,2.078466
2014,4,2014-12-31,Regional Mall,1,8,10.109290,8.363621,15.302926,14.144588
2015,1,2015-03-31,Regional Mall,1,7,4.496416,2.138664,5.919887,2.551235
2015,2,2015-06-30,Regional Mall,1,7,-7.410392,-5.922131,-11.334527,-11.554692
2015,3,2015-09-30,Regional Mall,1,7,3.481298,0.462151,4.347039,-1.278311
2015,4,2015-12-31,Regional Mall,1,7,5.083104,3.754637,7.052941,5.031986
2016,1,2016-03-31,Regional Mall,1,7,4.618243,2.443586,6.225791,4.366453
2016,2,2016-06-30,Regional Mall,1,6,3.603411,3.725895,4.776984,6.664971
2016,3,2016-09-30,Regional Mall,1,6,-2.633438,0.107146,-3.954507,1.129766
2016,4,2016-12-31,Regional Mall,1,6,-7.696664,-5.488636,-11.290864,-10.400837
2017,1,2017-03-31,Regional Mall,1,6,-2.708934,-4.499054,-4.845452,-10.117378
2017,2,2017-06-30,Regional Mall,1,6,-2.251858,-2.974138,-3.919315,-7.362373
2017,3,2017-09-30,Regional Mall,1,6,-1.613862,-2.365684,-3.337736,-5.478271
2017,4,2017-12-31,Regional Mall,1,6,7.243923,7.378112,11.318317,13.425488
2018,1,2018-03-31,Regional Mall,1,6,-6.417323,-5.256482,-10.452543,-11.190107
2018,2,2018-06-30,Regional Mall,1,6,5.506846,4.468326,8.127204,10.272107
2018,3,2018-09-30,Regional Mall,1,6,3.979969,1.428088,5.548323,-0.128453
2018,4,2018-12-31,Regional Mall,1,6,-4.128328,-7.370558,-8.294660,-22.586152
2019,1,2019-03-31,Regional Mall,1,6,6.330684,4.840464,9.998822,15.028285
2019,2,2019-06-30,Regional Mall,1,6,-7.724826,-5.188514,-12.645578,-13.650229
2019,3,2019-09-30,Regional Mall,1,6,-0.399919,0.783305,-0.803031,2.555409
2019,4,2019-12-31,Regional Mall,1,6,-2.111272,-2.331544,-4.741672,-9.312392
2020,1,2020-03-31,Regional Mall,1,6,-36.562296,-14.687258,-60.329349,-52.592737
2020,2,2020-06-30,Regional Mall,1,6,7.793894,3.537292,22.087472,27.431648
2020,3,2020-09-30,Regional Mall,1,6,-1.337659,-1.349228,-4.911064,-15.671503
2020,4,2020-12-31,Regional Mall,1,5,15.466439,6.310878,37.194602,42.743722
2021,1,2021-03-31,Regional Mall,1,5,16.125465,5.084964,31.725399,18.613411
2021,2,2021-06-30,Regional Mall,1,5,9.849477,6.385879,18.204372,21.188998
2021,3,2021-09-30,Regional Mall,1,3,1.047001,-0.628441,0.942502,-9.276378
2021,4,2021-12-31,Regional Mall,1,4,14.270746,5.242354,22.460254,-3.759245
2022,1,2022-03-31,Regional Mall,1,4,-10.211238,-2.355026,-15.890780,-14.507554
2022,2,2022-06-30,Regional Mall,1,4,-16.358334,-10.471708,-27.984942,-40.870351
2022,3,2022-09-30,Regional Mall,1,4,-1.615705,0.669699,-3.719496,-3.395460
2022,4,2022-12-31,Regional Mall,1,4,17.371928,8.457985,32.579535,10.531533
2023,1,2023-03-31,Regional Mall,1,3,-1.475604,0.777385,-3.025826,1.648022
2023,2,2023-06-30,Regional Mall,1,3,3.110079,1.562332,4.706363,0.167400
2023,3,2023-09-30,Regional Mall,1,3,-2.366251,-0.554195,-4.682139,-3.272986
2023,4,2023-12-31,Regional Mall,1,3,19.575983,14.066901,34.276768,31.999855
2024,1,2024-03-31,Regional Mall,1,3,7.217884,4.610117,11.004069,6.470077
2024,2,2024-06-30,Regional Mall,1,3,-1.004245,-0.689553,-2.160481,-2.404272
2024,3,2024-09-30,Regional Mall,1,3,8.630571,7.252580,13.128220,13.904948
2024,4,2024-12-31,Regional Mall,1,3,2.661753,5.191666,3.768629,10.989491
2025,1,2025-03-31,Regional Mall,1,3,-1.682291,-2.441281,-3.244274,-6.949206
2025,2,2025-06-30,Regional Mall,1,3,-1.029927,-0.588665,-2.155737,-3.200355
2025,3,2025-09-30,Regional Mall,1,3,11.963001,8.861935,17.865206,17.945811
2025,4,2025-12-31,Regional Mall,1,3,0.420176,3.408198,0.327667,8.275337
1993,1,1993-03-31,Self-Storage,0,18,19.176280,20.206683,21.783931,21.148922
1993,2,1993-06-30,Self-Storage,0,18,4.794137,4.077158,4.834398,4.132240
1993,3,1993-09-30,Self-Storage,0,18,17.852974,18.860444,20.248575,19.608374
1993,4,1993-12-31,Self-Storage,0,18,-4.587798,-5.456986,-4.906031,-5.574082
1994,1,1994-03-31,Self-Storage,0,18,0.041456,-0.677822,0.039359,-0.683528
1994,2,1994-06-30,Self-Storage,0,20,5.715439,7.269582,6.082463,7.395749
1994,3,1994-09-30,Self-Storage,0,19,3.976373,4.490826,4.045981,4.508362
1994,4,1994-12-31,Self-Storage,0,18,-0.634522,-0.717223,-1.689998,-1.006011
1995,1,1995-03-31,Self-Storage,0,18,10.268843,8.979582,13.060469,9.727160
1995,2,1995-06-30,Self-Storage,0,18,1.464339,4.277392,0.716417,4.120828
1995,3,1995-09-30,Self-Storage,0,19,7.832779,6.070225,9.267777,6.387758
1995,4,1995-12-31,Self-Storage,0,18,6.555893,5.401969,7.149658,5.587138
1996,1,1996-03-31,Self-Storage,0,18,4.729073,6.774749,5.463397,6.937930
1996,2,1996-06-30,Self-Storage,0,17,0.427994,1.761794,0.078476,1.576393
1996,3,1996-09-30,Self-Storage,0,15,6.944025,10.148695,8.530375,10.690228
1996,4,1996-12-31,Self-Storage,0,12,20.223044,12.483481,26.404926,14.611245
1997,1,1997-03-31,Self-Storage,0,10,-2.491778,-0.769606,-4.026654,-1.353058
1997,2,1997-06-30,Self-Storage,0,6,2.368260,1.383232,2.438908,1.504951
1997,3,1997-09-30,Self-Storage,0,6,3.668180,2.664271,3.984651,3.011476
1997,4,1997-12-31,Self-Storage,0,6,0.929010,2.826978,0.547769,2.688709
1998,1,1998-03-31,Self-Storage,0,5,1.857138,-1.129562,1.845063,-1.829531
1998,2,1998-06-30,Self-Storage,0,5,-4.359292,-2.656670,-6.500376,-4.378662
1998,3,1998-09-30,Self-Storage,0,5,-1.537976,-1.048330,-2.882763,-2.378162
1998,4,1998-12-31,Self-Storage,0,5,1.161122,0.663809,0.637850,-0.097793
1999,1,1999-03-31,Self-Storage,0,4,-3.894454,-2.864179,-6.387766,-5.597175
1999,2,1999-06-30,Self-Storage,0,4,9.178302,8.904589,13.012943,13.923746
1999,3,1999-09-30,Self-Storage,0,4,-5.950453,-5.732560,-9.627176,-10.472851
1999,4,1999-12-31,Self-Storage,0,4,-2.403630,-1.744308,-3.974699,-3.600511
2000,1,2000-03-31,Self-Storage,0,4,-0.366442,3.744622,-0.764797,6.070215
2000,2,2000-06-30,Self-Storage,0,4,4.812467,2.157392,5.809459,2.037921
2000,3,2000-09-30,Self-Storage,0,4,3.788673,2.623106,4.772969,3.025735
2000,4,2000-12-31,Self-Storage,0,4,3.158799,3.506922,4.195135,4.886463
2001,1,2001-03-31,Self-Storage,0,4,6.597382,7.662053,9.243897,12.684732
2001,2,2001-06-30,Self-Storage,0,4,9.820997,9.471539,14.694525,15.389326
2001,3,2001-09-30,Self-Storage,0,4,8.360638,5.180859,11.382524,7.159924
2001,4,2001-12-31,Self-Storage,0,3,2.683957,5.237387,3.541097,8.248776
2002,1,2002-03-31,Self-Storage,0,2,,,,
2002,2,2002-06-30,Self-Storage,0,3,2.265234,3.844494,2.548267,5.382192
2002,3,2002-09-30,Self-Storage,0,3,-7.271917,-5.740528,-11.499266,-9.867518
2002,4,2002-12-31,Self-Storage,0,3,1.899281,0.572170,1.816547,-0.415613
2003,1,2003-03-31,Self-Storage,0,3,-1.582308,0.180507,-3.215835,-0.478563
2003,2,2003-06-30,Self-Storage,0,3,8.508648,7.493370,12.161924,11.501700
2003,3,2003-09-30,Self-Storage,0,3,10.443173,7.507130,14.591217,10.938369
2003,4,2003-12-31,Self-Storage,0,2,,,,
2004,1,2004-03-31,Self-Storage,0,2,,,,
2004,2,2004-06-30,Self-Storage,0,3,-2.757927,-2.890109,-4.744427,-5.482698
2004,3,2004-09-30,Self-Storage,0,3,5.856424,4.488023,7.621847,6.029059
2004,4,2004-12-31,Self-Storage,0,4,9.518368,7.281093,13.127704,10.966573
2005,1,2005-03-31,Self-Storage,0,5,1.343219,0.324783,0.794573,-0.548959
2005,2,2005-06-30,Self-Storage,0,5,8.893549,8.004046,12.256817,12.214246
2005,3,2005-09-30,Self-Storage,0,5,6.900530,7.231077,9.854418,11.098616
2005,4,2005-12-31,Self-Storage,0,5,1.736416,1.458035,1.837138,1.682235
2006,1,2006-03-31,Self-Storage,0,5,13.023220,9.343828,17.755933,13.700559
2006,2,2006-06-30,Self-Storage,0,5,-3.660437,-2.992667,-5.689865,-5.437957
2006,3,2006-09-30,Self-Storage,0,4,10.175027,8.146756,13.446496,12.051621
2006,4,2006-12-31,Self-Storage,0,4,9.357347,4.390498,11.817390,5.513672
2007,1,2007-03-31,Self-Storage,0,4,-1.075447,0.253937,-1.856353,-0.110306
2007,2,2007-06-30,Self-Storage,0,4,-12.755779,-9.029917,-17.522071,-14.871536
2007,3,2007-09-30,Self-Storage,0,4,1.499077,-2.302011,0.870464,-5.957252
2007,4,2007-12-31,Self-Storage,0,4,-4.459484,-6.045872,-7.436796,-13.010855
2008,1,2008-03-31,Self-Storage,0,4,14.729709,9.654266,20.494133,17.781249
2008,2,2008-06-30,Self-Storage,0,4,-5.075534,-0.916401,-7.013629,-1.495925
2008,3,2008-09-30,Self-Storage,0,4,15.571530,7.061738,20.070270,9.591953
2008,4,2008-12-31,Self-Storage,0,4,-14.520746,-16.212756,-20.691867,-32.576716
2009,1,2009-03-31,Self-Storage,0,4,-22.042777,-18.364461,-31.762573,-42.834742
2009,2,2009-06-30,Self-Storage,0,4,14.163744,14.386208,22.678787,60.575080
2009,3,2009-09-30,Self-Storage,0,4,11.939711,10.840745,17.171843,24.123999
2009,4,2009-12-31,Self-Storage,0,4,7.383781,8.024832,9.949128,14.146275
2010,1,2010-03-31,Self-Storage,0,4,9.589798,4.046114,12.059295,5.483418
2010,2,2010-06-30,Self-Storage,0,4,-1.659152,1.613424,-2.284020,2.691899
2010,3,2010-09-30,Self-Storage,0,4,9.047863,8.343241,11.630111,12.797710
2010,4,2010-12-31,Self-Storage,0,4,4.583166,4.547223,5.616784,6.807858
2011,1,2011-03-31,Self-Storage,0,4,8.613762,8.484290,10.845391,12.500510
2011,2,2011-06-30,Self-Storage,0,4,3.206257,2.734205,3.599240,3.232514
2011,3,2011-09-30,Self-Storage,0,4,-2.186444,-6.017997,-3.535715,-10.101434
2011,4,2011-12-31,Self-Storage,0,4,17.953254,15.676394,22.272058,23.605885
2012,1,2012-03-31,Self-Storage,0,4,4.790347,9.217063,6.023137,13.498166
2012,2,2012-06-30,Self-Storage,0,4,4.413702,2.863102,5.029959,3.317332
2012,3,2012-09-30,Self-Storage,0,4,-0.244020,5.827673,-0.055058,8.460946
2012,4,2012-12-31,Self-Storage,0,4,5.137502,6.760006,6.239990,9.364488
2013,1,2013-03-31,Self-Storage,0,4,5.524311,5.486169,6.401585,7.104820
2013,2,2013-06-30,Self-Storage,0,4,2.054266,2.591835,2.297476,3.088792
2013,3,2013-09-30,Self-Storage,0,4,6.088474,8.702181,7.268499,11.431498
2013,4,2013-12-31,Self-Storage,0,4,-5.112761,-6.567013,-6.402083,-8.897408
2014,1,2014-03-31,Self-Storage,0,4,10.925385,9.969707,13.105884,12.831490
2014,2,2014-06-30,Self-Storage,0,4,3.542701,5.210155,4.230649,6.730079
2014,3,2014-09-30,Self-Storage,0,4,-1.751511,-1.436260,-2.348888,-2.187084
2014,4,2014-12-31,Self-Storage,0,4,11.551834,13.270711,13.815891,17.216756
2015,1,2015-03-31,Self-Storage,0,4,7.649605,8.438224,9.032681,10.562210
2015,2,2015-06-30,Self-Storage,0,4,-4.162310,-3.538555,-5.042815,-4.600671
2015,3,2015-09-30,Self-Storage,0,6,13.709316,7.516724,16.034562,10.442614
2015,4,2015-12-31,Self-Storage,0,6,14.507254,8.178800,16.803402,12.759320
2016,1,2016-03-31,Self-Storage,0,6,9.682199,8.478669,10.921368,11.808634
2016,2,2016-06-30,Self-Storage,0,7,-4.976799,-2.220899,-5.752933,-2.976414
2016,3,2016-09-30,Self-Storage,0,7,-10.274714,-0.248305,-12.145643,-1.471706
2016,4,2016-12-31,Self-Storage,0,7,0.469152,1.003658,0.243746,0.809118
2017,1,2017-03-31,Self-Storage,0,7,-0.940420,1.601355,-1.355071,1.947837
2017,2,2017-06-30,Self-Storage,0,7,-2.218889,-1.327699,-2.716762,-2.005810
2017,3,2017-09-30,Self-Storage,0,7,3.758786,2.951015,4.531597,4.155346
2017,4,2017-12-31,Self-Storage,0,7,2.025983,3.387775,2.854745,5.204143
2018,1,2018-03-31,Self-Storage,0,7,-1.855921,-1.848643,-2.479229,-3.079039
2018,2,2018-06-30,Self-Storage,0,7,12.119239,9.046607,14.975570,12.773729
2018,3,2018-09-30,Self-Storage,0,7,-8.111614,-4.301374,-10.134269,-6.476007
2018,4,2018-12-31,Self-Storage,0,7,1.764598,1.486221,2.049806,1.698226
2019,1,2019-03-31,Self-Storage,0,7,7.939157,6.221605,9.744640,8.236989
2019,2,2019-06-30,Self-Storage,0,7,6.655733,2.656494,7.628228,2.866921
2019,3,2019-09-30,Self-Storage,0,7,4.939911,7.012180,6.183763,10.350594
2019,4,2019-12-31,Self-Storage,0,7,-8.063959,-3.257683,-9.692519,-4.508292
2020,1,2020-03-31,Self-Storage,0,7,-5.991055,-9.440697,-8.043889,-15.650094
2020,2,2020-06-30,Self-Storage,0,7,-1.144259,2.489442,-1.624921,4.976586
2020,3,2020-09-30,Self-Storage,0,7,13.196886,10.503359,16.967774,16.183301
2020,4,2020-12-31,Self-Storage,0,6,5.214269,5.517634,6.588255,7.700472
2021,1,2021-03-31,Self-Storage,0,6,8.025497,9.086193,10.164446,12.939544
2021,2,2021-06-30,Self-Storage,0,6,19.182011,16.620257,23.582983,22.410001
2021,3,2021-09-30,Self-Storage,0,6,1.528490,2.814705,1.816291,3.471618
2021,4,2021-12-31,Self-Storage,0,6,23.718249,20.895728,28.967069,26.567649
2022,1,2022-03-31,Self-Storage,0,6,-1.010895,-3.440389,-1.558703,-4.734601
2022,2,2022-06-30,Self-Storage,0,6,-15.154348,-11.530685,-18.543936,-15.073791
2022,3,2022-09-30,Self-Storage,0,6,-1.089043,-1.215409,-1.755501,-2.551693
2022,4,2022-12-31,Self-Storage,0,6,-4.814603,-6.092764,-6.595670,-8.917007
2023,1,2023-03-31,Self-Storage,0,6,9.883339,11.213557,13.007557,15.914063
2023,2,2023-06-30,Self-Storage,0,5,-2.877966,-3.116622,-4.195763,-5.591056
2023,3,2023-09-30,Self-Storage,0,5,-8.411831,-6.666751,-11.299643,-9.879871
2023,4,2023-12-31,Self-Storage,0,5,16.900918,13.054308,23.109218,20.497140
2024,1,2024-03-31,Self-Storage,0,5,-3.408763,-2.342157,-4.778591,-3.797665
2024,2,2024-06-30,Self-Storage,0,5,2.078665,3.585021,2.562793,4.901070
2024,3,2024-09-30,Self-Storage,0,5,17.759583,13.359841,22.913021,18.416535
2024,4,2024-12-31,Self-Storage,0,5,-13.207407,-9.502814,-17.037388,-13.842859
2025,1,2025-03-31,Self-Storage,0,5,0.895424,0.520509,0.903068,0.739624
2025,2,2025-06-30,Self-Storage,0,6,-0.249806,0.335656,-0.841234,0.323305
2025,3,2025-09-30,Self-Storage,0,6,-0.898252,-0.738214,-1.664213,-1.701532
2025,4,2025-12-31,Self-Storage,0,6,-5.992078,-4.588921,-8.474242,-7.433602
1993,1,1993-03-31,Shopping Center,1,13,11.961196,14.545182,17.837743,25.780878
1993,2,1993-06-30,Shopping Center,1,14,-1.350857,-3.829375,-2.639790,-5.487744
1993,3,1993-09-30,Shopping Center,1,16,4.473503,4.993137,5.388553,6.950185
1993,4,1993-12-31,Shopping Center,1,18,-6.373289,-3.870418,-9.095711,-6.610901
1994,1,1994-03-31,Shopping Center,1,21,3.280553,3.569344,3.830126,4.237533
1994,2,1994-06-30,Shopping Center,1,21,1.141461,0.957777,0.737027,-0.029119
1994,3,1994-09-30,Shopping Center,1,22,-2.129387,-0.343672,-3.917531,-1.686810
1994,4,1994-12-31,Shopping Center,1,22,1.234712,-1.513763,0.058671,-4.357730
1995,1,1995-03-31,Shopping Center,1,22,-0.100367,2.006244,-1.037001,2.217747
1995,2,1995-06-30,Shopping Center,1,23,3.781134,3.676936,4.546972,4.861052
1995,3,1995-09-30,Shopping Center,1,23,1.715730,1.831741,1.791593,2.051556
1995,4,1995-12-31,Shopping Center,1,22,0.903149,-0.392281,-0.459619,-2.966821
1996,1,1996-03-31,Shopping Center,1,22,0.880007,2.106326,0.498636,2.872303
1996,2,1996-06-30,Shopping Center,1,22,4.583116,3.181356,6.515969,5.016900
1996,3,1996-09-30,Shopping Center,1,22,3.625157,3.390354,4.981911,4.817415
1996,4,1996-12-31,Shopping Center,1,22,9.184799,7.384026,14.416543,12.440511
1997,1,1997-03-31,Shopping Center,1,23,0.824086,1.845829,-0.067367,1.176701
1997,2,1997-06-30,Shopping Center,1,23,3.595457,5.232241,5.100052,7.661117
1997,3,1997-09-30,Shopping Center,1,24,3.102182,4.368980,4.394957,7.252028
1997,4,1997-12-31,Shopping Center,1,25,3.139738,2.842014,3.749187,3.143830
1998,1,1998-03-31,Shopping Center,1,27,2.490581,2.649156,2.961932,3.386622
1998,2,1998-06-30,Shopping Center,1,28,0.862865,-1.952725,0.045993,-4.477910
1998,3,1998-09-30,Shopping Center,1,29,-0.680761,-0.523231,-3.380699,-3.182202
1998,4,1998-12-31,Shopping Center,1,29,2.409297,1.258644,2.066351,-0.763524
1999,1,1999-03-31,Shopping Center,1,29,-3.155692,-2.513658,-7.787264,-6.180068
1999,2,1999-06-30,Shopping Center,1,29,6.110528,6.557732,10.745830,13.010807
1999,3,1999-09-30,Shopping Center,1,29,-2.990732,-1.054147,-7.958542,-5.021175
1999,4,1999-12-31,Shopping Center,1,29,-0.352248,0.609128,-3.590165,-2.584562
2000,1,2000-03-31,Shopping Center,1,29,2.903037,1.446986,3.983774,0.943011
2000,2,2000-06-30,Shopping Center,1,28,6.141516,3.820638,10.316488,6.748237
2000,3,2000-09-30,Shopping Center,1,27,1.976582,2.861145,1.608037,2.200887
2000,4,2000-12-31,Shopping Center,1,25,3.843981,1.504538,5.148261,-1.354466
2001,1,2001-03-31,Shopping Center,1,25,2.414217,3.706623,4.748651,8.840771
2001,2,2001-06-30,Shopping Center,1,25,5.653089,5.067408,9.666609,8.871325
2001,3,2001-09-30,Shopping Center,1,23,3.022365,2.484579,3.154146,1.399431
2001,4,2001-12-31,Shopping Center,1,23,4.047357,3.514959,6.662972,4.516454
2002,1,2002-03-31,Shopping Center,1,23,3.496771,2.973405,5.790429,4.919396
2002,2,2002-06-30,Shopping Center,1,22,4.700088,4.971810,8.053294,12.137146
2002,3,2002-09-30,Shopping Center,1,23,-0.083628,-0.179639,-1.569010,-4.646812
2002,4,2002-12-31,Shopping Center,1,19,2.564329,1.953517,3.386001,1.930970
2003,1,2003-03-31,Shopping Center,1,17,5.620210,4.621166,8.643675,7.702135
2003,2,2003-06-30,Shopping Center,1,17,6.177023,6.951828,10.443517,13.421242
2003,3,2003-09-30,Shopping Center,1,16,5.877105,5.039817,9.000532,9.807697
2003,4,2003-12-31,Shopping Center,1,15,6.098709,6.572285,8.964279,6.611208
2004,1,2004-03-31,Shopping Center,1,15,10.232011,9.188310,16.158659,14.157588
2004,2,2004-06-30,Shopping Center,1,17,-4.004545,-2.056354,-7.310516,-4.772575
2004,3,2004-09-30,Shopping Center,1,17,6.780617,6.205010,10.412673,10.190955
2004,4,2004-12-31,Shopping Center,1,16,11.125906,10.106427,17.244159,16.565447
2005,1,2005-03-31,Shopping Center,1,15,-5.240771,-4.330752,-8.996563,-8.086596
2005,2,2005-06-30,Shopping Center,1,16,10.105950,8.510532,15.560822,13.235083
2005,3,2005-09-30,Shopping Center,1,16,2.254756,1.592703,2.493906,1.207980
2005,4,2005-12-31,Shopping Center,1,15,2.020185,1.909222,2.041253,1.587845
2006,1,2006-03-31,Shopping Center,1,15,11.813242,9.642028,17.555958,15.312778
2006,2,2006-06-30,Shopping Center,1,15,-3.830810,-2.969760,-6.412689,-5.903294
2006,3,2006-09-30,Shopping Center,1,13,9.044326,8.182304,13.054126,12.964258
2006,4,2006-12-31,Shopping Center,1,13,7.458847,6.883203,10.776614,10.719927
2007,1,2007-03-31,Shopping Center,1,13,4.237590,3.023854,5.247209,3.635429
2007,2,2007-06-30,Shopping Center,1,13,-9.832194,-5.980717,-14.988690,-10.018286
2007,3,2007-09-30,Shopping Center,1,13,7.440678,3.360722,10.317375,4.000464
2007,4,2007-12-31,Shopping Center,1,13,-10.213143,-6.989339,-17.469237,-14.123078
2008,1,2008-03-31,Shopping Center,1,13,2.939859,2.120167,4.818517,3.531694
2008,2,2008-06-30,Shopping Center,1,13,-5.576319,-3.491862,-10.318146,-7.283388
2008,3,2008-09-30,Shopping Center,1,13,6.988593,6.838616,10.277471,10.491786
2008,4,2008-12-31,Shopping Center,1,13,-22.706702,-17.577805,-41.661843,-38.104004
2009,1,2009-03-31,Shopping Center,1,13,-19.955302,-14.334525,-42.545550,-38.520613
2009,2,2009-06-30,Shopping Center,1,13,9.969287,8.547207,30.267680,46.084503
2009,3,2009-09-30,Shopping Center,1,13,10.926039,8.897212,25.525037,26.655191
2009,4,2009-12-31,Shopping Center,1,13,2.863296,2.485926,3.831721,3.766686
2010,1,2010-03-31,Shopping Center,1,14,7.350014,6.720520,14.218651,14.551414
2010,2,2010-06-30,Shopping Center,1,14,-4.466508,-3.562468,-10.183070,-9.197645
2010,3,2010-09-30,Shopping Center,1,15,8.313017,5.359300,14.158550,9.359505
2010,4,2010-12-31,Shopping Center,1,16,5.554170,5.741729,10.270098,11.079386
2011,1,2011-03-31,Shopping Center,1,16,2.576995,2.352184,3.111862,2.432129
2011,2,2011-06-30,Shopping Center,1,16,1.688055,-0.026144,1.506140,-2.017413
2011,3,2011-09-30,Shopping Center,1,16,-7.678892,-6.685762,-15.026249,-15.810439
2011,4,2011-12-31,Shopping Center,1,16,6.258954,6.638688,10.274017,13.970639
2012,1,2012-03-31,Shopping Center,1,16,9.425606,7.998579,16.344550,15.479565
2012,2,2012-06-30,Shopping Center,1,16,2.832153,2.287252,3.395373,2.615066
2012,3,2012-09-30,Shopping Center,1,17,3.555434,2.885605,5.427170,4.310456
2012,4,2012-12-31,Shopping Center,1,18,0.488506,2.242954,0.158847,3.381512
2013,1,2013-03-31,Shopping Center,1,18,8.376132,8.254545,13.707548,14.676175
2013,2,2013-06-30,Shopping Center,1,18,-1.594350,-1.253486,-3.400460,-3.482869
2013,3,2013-09-30,Shopping Center,1,18,-1.286907,-0.634415,-2.890647,-1.935920
2013,4,2013-12-31,Shopping Center,1,18,0.152552,0.870320,-0.466613,1.354057
2014,1,2014-03-31,Shopping Center,1,19,5.630086,4.001399,8.341290,5.855839
2014,2,2014-06-30,Shopping Center,1,19,5.024760,4.343689,7.611020,6.671337
2014,3,2014-09-30,Shopping Center,1,19,-1.392092,-0.611918,-3.083840,-2.142138
2014,4,2014-12-31,Shopping Center,1,18,9.719781,9.404422,15.211500,15.845555
2015,1,2015-03-31,Shopping Center,1,18,4.295298,3.377394,5.716516,4.613234
2015,2,2015-06-30,Shopping Center,1,19,-7.816409,-6.732133,-12.735337,-11.717081
2015,3,2015-09-30,Shopping Center,1,18,3.239548,1.677559,4.215450,1.476253
2015,4,2015-12-31,Shopping Center,1,18,6.362106,6.170670,9.701859,10.315201
2016,1,2016-03-31,Shopping Center,1,17,5.349600,5.249703,7.496213,7.829671
2016,2,2016-06-30,Shopping Center,1,17,6.092258,6.483587,8.420859,9.963893
2016,3,2016-09-30,Shopping Center,1,17,-2.116544,-1.178253,-3.158647,-2.257792
2016,4,2016-12-31,Shopping Center,1,17,-5.126346,-3.195784,-8.125007,-5.614584
2017,1,2017-03-31,Shopping Center,1,16,-4.711803,-4.372248,-8.192110,-8.441209
2017,2,2017-06-30,Shopping Center,1,16,-5.886128,-4.854299,-10.463739,-9.339124
2017,3,2017-09-30,Shopping Center,1,16,2.369153,3.317364,3.767073,5.762280
2017,4,2017-12-31,Shopping Center,1,16,3.561184,3.097749,4.488837,4.642285
2018,1,2018-03-31,Shopping Center,1,16,-8.816173,-8.493886,-15.000485,-16.377842
2018,2,2018-06-30,Shopping Center,1,16,7.234306,7.369898,12.343073,13.824721
2018,3,2018-09-30,Shopping Center,1,16,0.981961,0.847044,0.803868,0.840523
2018,4,2018-12-31,Shopping Center,1,16,-6.209240,-6.727491,-10.980117,-13.455440
2019,1,2019-03-31,Shopping Center,1,16,11.295899,8.493947,18.385766,14.845360
2019,2,2019-06-30,Shopping Center,1,16,-0.802476,-0.090465,-1.653400,-1.322464
2019,3,2019-09-30,Shopping Center,1,16,5.865354,5.753889,9.277398,10.072249
2019,4,2019-12-31,Shopping Center,1,16,-0.228459,1.646891,-0.326006,2.375976
2020,1,2020-03-31,Shopping Center,1,16,-30.402327,-28.752359,-49.025882,-51.908090
2020,2,2020-06-30,Shopping Center,1,16,11.191130,8.660685,25.484962,23.123778
2020,3,2020-09-30,Shopping Center,1,16,-6.307332,-5.351750,-13.112971,-14.221746
2020,4,2020-12-31,Shopping Center,1,16,14.294808,14.459292,30.438203,39.374635
2021,1,2021-03-31,Shopping Center,1,16,13.989112,12.772768,25.441978,27.839744
2021,2,2021-06-30,Shopping Center,1,16,8.907981,7.385178,14.180628,12.748206
2021,3,2021-09-30,Shopping Center,1,15,1.388262,1.524426,1.527850,3.316702
2021,4,2021-12-31,Shopping Center,1,16,8.973289,6.629227,13.654454,11.021833
2022,1,2022-03-31,Shopping Center,1,16,-0.089287,2.115521,-0.221032,3.650796
2022,2,2022-06-30,Shopping Center,1,16,-11.561233,-9.784807,-18.206153,-16.552193
2022,3,2022-09-30,Shopping Center,1,15,-4.990220,-6.213245,-8.863766,-12.212992
2022,4,2022-12-31,Shopping Center,1,15,10.545023,9.719245,17.446105,17.645896
2023,1,2023-03-31,Shopping Center,1,15,-1.269288,-0.755189,-2.657020,-2.162004
2023,2,2023-06-30,Shopping Center,1,15,2.205283,3.084499,3.061729,4.735689
2023,3,2023-09-30,Shopping Center,1,14,-2.390665,-0.978975,-4.483697,-2.464299
2023,4,2023-12-31,Shopping Center,1,13,9.536258,8.742448,15.275249,15.439490
2024,1,2024-03-31,Shopping Center,1,13,-1.758775,-0.342059,-3.179095,-1.216508
2024,2,2024-06-30,Shopping Center,1,13,0.915701,1.009592,0.884638,1.093193
2024,3,2024-09-30,Shopping Center,1,13,11.475703,10.434398,18.035760,17.295246
2024,4,2024-12-31,Shopping Center,1,12,0.754091,0.641418,0.622847,0.357791
2025,1,2025-03-31,Shopping Center,1,12,-3.547252,-3.704826,-6.100907,-6.467399
2025,2,2025-06-30,Shopping Center,1,12,-0.776228,-1.531666,-1.764402,-3.333656
2025,3,2025-09-30,Shopping Center,1,12,3.422750,3.247658,4.762118,4.246017
2025,4,2025-12-31,Shopping Center,1,12,-0.824726,0.504521,-1.801157,0.443569
1993,1,1993-03-31,Specialty,0,2,,,,
1993,2,1993-06-30,Specialty,0,2,,,,
1993,3,1993-09-30,Specialty,0,2,,,,
1993,4,1993-12-31,Specialty,0,3,6.067167,5.639558,6.431606,5.841417
1994,1,1994-03-31,Specialty,0,3,2.528459,10.606792,2.281774,10.699216
1994,2,1994-06-30,Specialty,0,3,5.216454,2.749176,5.547568,2.920466
1994,3,1994-09-30,Specialty,0,3,-2.933543,-1.067579,-3.307930,-1.283057
1994,4,1994-12-31,Specialty,0,3,3.457815,-1.169482,4.525814,-0.670509
1995,1,1995-03-31,Specialty,0,3,-0.817226,3.404145,-2.610282,2.569245
1995,2,1995-06-30,Specialty,0,3,3.925539,1.195460,5.151091,1.809050
1995,3,1995-09-30,Specialty,0,3,3.549415,3.116035,4.569617,3.612510
1995,4,1995-12-31,Specialty,0,3,1.732752,1.830711,2.874627,2.380576
1996,1,1996-03-31,Specialty,0,3,6.549477,2.952955,9.434733,4.291666
1996,2,1996-06-30,Specialty,0,3,3.625148,6.529613,2.320247,5.940251
1996,3,1996-09-30,Specialty,0,3,12.027657,9.569767,16.152676,11.592078
1996,4,1996-12-31,Specialty,0,3,32.542190,38.367174,37.044257,41.207889
1997,1,1997-03-31,Specialty,0,2,,,,
1997,2,1997-06-30,Specialty,0,3,11.229491,9.408912,14.259276,10.986069
1997,3,1997-09-30,Specialty,0,3,-1.717565,-1.311652,-3.431589,-2.289222
1997,4,1997-12-31,Specialty,0,3,3.910221,5.543513,4.307697,5.981881
1998,1,1998-03-31,Specialty,0,3,5.045161,3.836318,4.325697,3.332921
1998,2,1998-06-30,Specialty,0,3,4.935726,3.287875,4.714641,3.019050
1998,3,1998-09-30,Specialty,0,4,-7.170853,-5.709254,-9.890177,-7.314358
1998,4,1998-12-31,Specialty,0,4,0.601622,3.638884,0.329523,3.617851
1999,1,1999-03-31,Specialty,0,4,-11.633918,-8.169356,-19.087443,-12.954438
1999,2,1999-06-30,Specialty,0,4,6.453026,4.308822,10.884454,7.380707
1999,3,1999-09-30,Specialty,0,4,-6.086300,-7.542356,-11.861034,-11.685079
1999,4,1999-12-31,Specialty,0,5,-10.583857,-3.581909,-16.497712,-8.397860
2000,1,2000-03-31,Specialty,0,5,1.403850,1.384765,1.458807,1.501019
2000,2,2000-06-30,Specialty,0,5,4.809886,1.513517,5.760613,0.811600
2000,3,2000-09-30,Specialty,0,5,-6.834750,-2.450855,-10.631213,-5.822182
2000,4,2000-12-31,Specialty,0,5,8.468591,0.759957,9.617014,-3.020662
2001,1,2001-03-31,Specialty,0,5,-0.191389,7.709600,1.059014,16.036824
2001,2,2001-06-30,Specialty,0,5,11.051476,6.050378,15.929315,8.915600
2001,3,2001-09-30,Specialty,0,5,-3.366348,0.238688,-7.768065,-4.688826
2001,4,2001-12-31,Specialty,0,5,4.784260,-2.986935,3.251909,-10.306488
2002,1,2002-03-31,Specialty,0,5,4.061480,5.055415,4.818479,6.040929
2002,2,2002-06-30,Specialty,0,5,4.120531,0.376723,4.974137,-0.430210
2002,3,2002-09-30,Specialty,0,5,-17.490907,-4.714750,-23.011769,-8.196836
2002,4,2002-12-31,Specialty,0,4,4.426141,3.164390,5.594917,3.038014
2003,1,2003-03-31,Specialty,0,3,-4.292567,-0.139873,-6.840173,-1.770508
2003,2,2003-06-30,Specialty,0,3,15.455447,11.158291,22.442961,18.746644
2003,3,2003-09-30,Specialty,0,3,-0.239610,-0.979594,-1.023941,-2.645360
2003,4,2003-12-31,Specialty,0,3,15.374099,10.940300,21.043175,13.831208
2004,1,2004-03-31,Specialty,0,4,6.021396,6.402760,7.585835,7.378073
2004,2,2004-06-30,Specialty,0,4,1.655377,-0.044597,1.709145,-0.176440
2004,3,2004-09-30,Specialty,0,5,5.280125,1.692613,6.506227,2.108559
2004,4,2004-12-31,Specialty,0,6,9.433658,9.888032,11.938913,13.117196
2005,1,2005-03-31,Specialty,0,7,-1.938467,-1.647089,-2.854486,-2.964980
2005,2,2005-06-30,Specialty,0,8,6.269177,7.512042,8.359820,11.216688
2005,3,2005-09-30,Specialty,0,9,6.061153,4.137079,8.042706,5.316041
2005,4,2005-12-31,Specialty,0,8,-0.961171,-1.444197,-1.867131,-2.300795
2006,1,2006-03-31,Specialty,0,9,7.276374,5.226996,8.876942,6.137868
2006,2,2006-06-30,Specialty,0,10,-3.729566,-1.078258,-4.807418,-0.548072
2006,3,2006-09-30,Specialty,0,10,1.658799,4.062335,1.725708,3.954182
2006,4,2006-12-31,Specialty,0,8,10.801150,6.971098,13.499430,7.320331
2007,1,2007-03-31,Specialty,0,7,2.396920,2.646552,2.496874,2.953361
2007,2,2007-06-30,Specialty,0,7,3.494604,1.294573,3.887195,0.311312
2007,3,2007-09-30,Specialty,0,7,5.961390,2.407037,6.733382,0.753464
2007,4,2007-12-31,Specialty,0,7,1.268572,-1.209173,0.521403,-6.127354
2008,1,2008-03-31,Specialty,0,7,-5.657716,0.600087,-6.830125,7.761040
2008,2,2008-06-30,Specialty,0,7,0.241426,2.193581,-3.094063,0.214327
2008,3,2008-09-30,Specialty,0,7,10.269104,5.993672,15.925962,9.941081
2008,4,2008-12-31,Specialty,0,7,-22.536468,-11.515337,-35.878157,-25.534389
2009,1,2009-03-31,Specialty,0,7,-5.630784,-7.593105,-10.941830,-14.915190
2009,2,2009-06-30,Specialty,0,7,6.941459,6.186778,11.278313,13.705863
2009,3,2009-09-30,Specialty,0,7,7.569856,9.030342,12.988127,18.328635
2009,4,2009-12-31,Specialty,0,7,9.341889,4.791994,14.834969,6.724984
2010,1,2010-03-31,Specialty,0,8,1.727480,4.273342,2.094200,6.268076
2010,2,2010-06-30,Specialty,0,8,-0.159021,-0.826370,-2.150283,-2.800079
2010,3,2010-09-30,Specialty,0,8,9.671892,7.230566,12.688103,11.030351
2010,4,2010-12-31,Specialty,0,8,4.488687,4.698301,6.229833,6.458695
2011,1,2011-03-31,Specialty,0,9,8.894050,6.617535,12.076201,9.027439
2011,2,2011-06-30,Specialty,0,11,-2.145635,0.763061,-3.945763,-0.436577
2011,3,2011-09-30,Specialty,0,11,-5.595029,-5.947048,-8.561563,-9.497528
2011,4,2011-12-31,Specialty,0,11,10.415341,8.212118,14.461304,13.578830
2012,1,2012-03-31,Specialty,0,11,7.772487,5.680522,10.816039,8.824730
2012,2,2012-06-30,Specialty,0,11,4.939597,0.125511,6.028693,-0.358606
2012,3,2012-09-30,Specialty,0,11,6.480801,5.695048,8.594313,8.283630
2012,4,2012-12-31,Specialty,0,11,6.455458,7.959782,8.098884,9.399004
2013,1,2013-03-31,Specialty,0,12,4.334206,7.716797,5.189455,9.804302
2013,2,2013-06-30,Specialty,0,13,-3.523929,-6.173197,-4.830230,-7.711057
2013,3,2013-09-30,Specialty,0,15,1.029748,1.533777,0.776623,0.648775
2013,4,2013-12-31,Specialty,0,16,2.676301,2.400386,3.418672,2.648113
2014,1,2014-03-31,Specialty,0,17,0.418729,0.771859,0.324626,0.938528
2014,2,2014-06-30,Specialty,0,18,5.685667,3.378219,7.454535,4.209852
2014,3,2014-09-30,Specialty,0,20,0.693355,-2.736487,0.627490,-4.832904
2014,4,2014-12-31,Specialty,0,20,4.612730,2.668694,6.134645,3.355577
2015,1,2015-03-31,Specialty,0,20,-0.182502,1.780467,-0.517402,2.627087
2015,2,2015-06-30,Specialty,0,21,-2.073503,-3.918684,-3.696725,-7.502082
2015,3,2015-09-30,Specialty,0,21,-3.236653,-4.268651,-5.165672,-7.983492
2015,4,2015-12-31,Specialty,0,20,6.898388,4.056271,9.584678,5.124166
2016,1,2016-03-31,Specialty,0,20,3.208309,2.693400,4.250182,3.769460
2016,2,2016-06-30,Specialty,0,21,7.748151,7.214084,11.234648,11.946629
2016,3,2016-09-30,Specialty,0,22,0.263813,2.523839,0.001867,3.926434
2016,4,2016-12-31,Specialty,0,21,-3.103027,-0.639960,-5.049289,-1.443401
2017,1,2017-03-31,Specialty,0,21,8.496168,5.845666,12.083210,9.729209
2017,2,2017-06-30,Specialty,0,21,3.603104,0.261693,4.631175,-0.372098
2017,3,2017-09-30,Specialty,0,21,2.325384,1.849733,3.039297,2.831125
2017,4,2017-12-31,Specialty,0,20,4.698329,1.718117,6.075839,1.687097
2018,1,2018-03-31,Specialty,0,20,-0.039888,-2.244312,-0.732250,-4.910351
2018,2,2018-06-30,Specialty,0,20,1.881844,5.061266,2.308896,8.063828
2018,3,2018-09-30,Specialty,0,19,-0.156507,-1.268952,-0.436878,-2.764507
2018,4,2018-12-31,Specialty,0,19,-2.184880,-5.868330,-3.445461,-11.515070
2019,1,2019-03-31,Specialty,0,19,15.223299,10.577247,21.106801,18.272788
2019,2,2019-06-30,Specialty,0,18,3.219179,2.900758,4.263111,5.596617
2019,3,2019-09-30,Specialty,0,18,5.529347,5.247879,7.471557,8.105606
2019,4,2019-12-31,Specialty,0,18,3.142542,3.098601,3.906904,4.245800
2020,1,2020-03-31,Specialty,0,18,-7.035523,-11.126742,-10.450112,-18.180684
2020,2,2020-06-30,Specialty,0,18,13.102415,13.553681,18.691256,25.240342
2020,3,2020-09-30,Specialty,0,18,0.489019,1.460563,0.670981,1.436508
2020,4,2020-12-31,Specialty,0,17,-0.864562,7.287471,-0.880925,13.057782
2021,1,2021-03-31,Specialty,0,17,5.365778,8.722254,7.474447,14.769755
2021,2,2021-06-30,Specialty,0,17,9.215129,6.678015,12.694802,11.036925
2021,3,2021-09-30,Specialty,0,17,-1.135231,2.218102,-1.645897,2.619408
2021,4,2021-12-31,Specialty,0,17,11.730939,11.162266,15.782985,15.661963
2022,1,2022-03-31,Specialty,0,17,-7.212176,-5.002391,-9.784946,-5.671238
2022,2,2022-06-30,Specialty,0,17,-3.989747,-9.010992,-5.669661,-12.958805
2022,3,2022-09-30,Specialty,0,15,-8.924539,-6.425921,-12.770539,-10.321946
2022,4,2022-12-31,Specialty,0,16,0.015997,0.092916,-0.164535,-1.371585
2023,1,2023-03-31,Specialty,0,16,-0.143095,1.090312,-0.585120,0.178695
2023,2,2023-06-30,Specialty,0,16,-1.229519,0.682870,-2.466281,-2.739587
2023,3,2023-09-30,Specialty,0,16,-7.894901,-6.128873,-12.380768,-13.378502
2023,4,2023-12-31,Specialty,0,16,15.454967,10.379961,24.469006,15.302200
2024,1,2024-03-31,Specialty,0,16,-1.717141,1.246420,-2.927431,3.319729
2024,2,2024-06-30,Specialty,0,16,-1.988206,-1.885467,-2.953627,-2.156425
2024,3,2024-09-30,Specialty,0,16,12.439940,7.912473,18.834354,10.487949
2024,4,2024-12-31,Specialty,0,16,-10.798468,-4.940922,-15.909259,-4.191157
2025,1,2025-03-31,Specialty,0,16,5.848150,2.791362,8.623729,1.724381
2025,2,2025-06-30,Specialty,0,16,1.300806,-0.173205,2.009429,0.132512
2025,3,2025-09-30,Specialty,0,16,-4.821932,-0.191676,-7.547835,-1.515698
2025,4,2025-12-31,Specialty,0,15,-3.804445,-1.222871,-6.251689,-2.814752
